vin_label,label,k_weeks,cut_date,n_wk,usable,decision_value,prob,tier
VIN10_F_SM,1,0,2025-12-29,40,True,1.2760524442431258,0.9963813390912006,RED
VIN10_F_SM,1,1,2025-12-22,40,True,1.2916177458551135,0.9965996057925167,RED
VIN10_F_SM,1,2,2025-12-15,40,True,2.246517357372927,0.9999259366885686,RED
VIN10_F_SM,1,3,2025-12-08,40,True,3.5038880026716086,0.9999995220561544,RED
VIN10_F_SM,1,4,2025-12-01,40,True,2.733139373827948,0.9999894811879557,RED
VIN10_F_SM,1,5,2025-11-24,40,True,1.7612920599043072,0.999481628467778,RED
VIN10_F_SM,1,6,2025-11-17,40,True,-0.021399400384066875,0.6020481137789105,RED
VIN10_F_SM,1,7,2025-11-10,40,True,-0.0766170928912869,0.5479845240749618,AMBER
VIN10_F_SM,1,8,2025-11-03,40,True,-0.033352954721738604,0.5905068592770476,RED
VIN10_F_SM,1,9,2025-10-27,40,True,0.013885531885308139,0.6354182179312633,RED
VIN10_F_SM,1,10,2025-10-20,40,True,-0.09970067425737997,0.5249650835425829,AMBER
VIN10_F_SM,1,11,2025-10-13,40,True,-0.1829175952322412,0.44180597431972496,AMBER
VIN10_F_SM,1,12,2025-10-06,40,True,-0.26860015125216696,0.35950698675504106,AMBER
VIN10_F_SM,1,13,2025-09-29,40,True,-0.36011656161756284,0.2799776005500752,GREEN
VIN10_F_SM,1,14,2025-09-22,40,True,-0.5274892597349423,0.1657715120351821,GREEN
VIN10_F_SM,1,15,2025-09-15,40,True,-0.5304948718870939,0.1641110691610229,GREEN
VIN10_F_SM,1,16,2025-09-08,40,True,-0.4688854890601313,0.20087414327563322,GREEN
VIN10_F_SM,1,17,2025-09-01,40,True,-0.516285223164455,0.17207985723704644,GREEN
VIN10_F_SM,1,18,2025-08-25,40,True,-0.33720503613943587,0.29887188160163,GREEN
VIN10_F_SM,1,19,2025-08-18,40,True,-0.45966965743054644,0.20687343759637905,GREEN
VIN10_F_SM,1,20,2025-08-11,40,True,-0.6681744488220849,0.10154461821626716,GREEN
VIN10_F_SM,1,21,2025-08-04,40,True,-0.7479853432875292,0.07583739070625277,GREEN
VIN10_F_SM,1,22,2025-07-28,39,True,-0.6764241682505225,0.09856532937256034,GREEN
VIN10_F_SM,1,23,2025-07-21,38,True,-0.4237408140808589,0.23151672645298849,GREEN
VIN10_F_SM,1,24,2025-07-14,37,True,-0.48348019771109524,0.1916415946448939,GREEN
VIN10_F_SM,1,25,2025-07-07,36,True,-0.6450148620548937,0.11033863963622118,GREEN
VIN10_F_SM,1,26,2025-06-30,35,True,-0.5984105853289681,0.13006783627369897,GREEN
VIN10_NF_SM,0,0,2025-02-26,40,True,-0.2702967972807831,0.3579415195662369,AMBER
VIN10_NF_SM,0,1,2025-02-19,40,True,-0.22913351685723274,0.396706824340651,AMBER
VIN10_NF_SM,0,2,2025-02-12,40,True,-0.29024597891877735,0.3397687256278753,GREEN
VIN10_NF_SM,0,3,2025-02-05,40,True,-0.12420087763238777,0.500418563090206,AMBER
VIN10_NF_SM,0,4,2025-01-29,40,True,-0.2011060217240423,0.42389876198092397,AMBER
VIN10_NF_SM,0,5,2025-01-22,40,True,-0.13029240414582016,0.49431060049165637,AMBER
VIN10_NF_SM,0,6,2025-01-15,40,True,-0.1923144763092454,0.4325324381225898,AMBER
VIN10_NF_SM,0,7,2025-01-08,40,True,-0.2571307935523751,0.3701667471049199,AMBER
VIN10_NF_SM,0,8,2025-01-01,40,True,-0.20062206288013695,0.4243728741468626,AMBER
VIN10_NF_SM,0,9,2024-12-25,40,True,-0.5166927822665714,0.17184708888438202,GREEN
VIN10_NF_SM,0,10,2024-12-18,40,True,-0.5269991303783683,0.16604355570756774,GREEN
VIN10_NF_SM,0,11,2024-12-11,40,True,-0.5699290681278124,0.1435489532213667,GREEN
VIN10_NF_SM,0,12,2024-12-04,40,True,-0.5797206640400621,0.1387878114180592,GREEN
VIN10_NF_SM,0,13,2024-11-27,40,True,-0.4436960146769844,0.21758323702156995,GREEN
VIN10_NF_SM,0,14,2024-11-20,40,True,-0.4569218532306397,0.20868762274837543,GREEN
VIN10_NF_SM,0,15,2024-11-13,40,True,-0.5981028001048336,0.13020758539493288,GREEN
VIN10_NF_SM,0,16,2024-11-06,40,True,-0.6029740156456478,0.12801075420270303,GREEN
VIN10_NF_SM,0,17,2024-10-30,40,True,-0.48102900224564105,0.1931692820380194,GREEN
VIN10_NF_SM,0,18,2024-10-23,40,True,-0.5352242656494046,0.16152542773527026,GREEN
VIN10_NF_SM,0,19,2024-10-16,40,True,-0.5002242005180804,0.18145242459600652,GREEN
VIN10_NF_SM,0,20,2024-10-09,40,True,-0.6319405159200772,0.11559257549245676,GREEN
VIN10_NF_SM,0,21,2024-10-02,40,True,-0.6933413560205701,0.0926985381148441,GREEN
VIN10_NF_SM,0,22,2024-09-25,39,True,-0.48100116827132433,0.19318668239978046,GREEN
VIN10_NF_SM,0,23,2024-09-18,38,True,-0.5700609840584268,0.14348391545795902,GREEN
VIN10_NF_SM,0,24,2024-09-11,37,True,-0.742809770084659,0.07730517813727387,GREEN
VIN10_NF_SM,0,25,2024-09-04,36,True,-0.9335004527591488,0.037529028788573525,GREEN
VIN10_NF_SM,0,26,2024-08-28,35,True,-0.9924427546458171,0.02986337679390202,GREEN
VIN11_F_SM,1,0,2025-11-22,40,True,0.7744356321399234,0.9735595515180838,RED
VIN11_F_SM,1,1,2025-11-15,40,True,0.015418713264260892,0.6368416376295244,RED
VIN11_F_SM,1,2,2025-11-08,40,True,-0.1371787978481433,0.48740776596580543,AMBER
VIN11_F_SM,1,3,2025-11-01,40,True,-0.14844208170901957,0.47612913506751936,AMBER
VIN11_F_SM,1,4,2025-10-25,40,True,-0.012422524926645334,0.6106421087832038,RED
VIN11_F_SM,1,5,2025-10-18,40,True,0.4365518643134281,0.9047219107658346,RED
VIN11_F_SM,1,6,2025-10-11,40,True,0.3744825440792706,0.8809933341259286,RED
VIN11_F_SM,1,7,2025-10-04,40,True,0.06941074668800548,0.6853010116055576,RED
VIN11_F_SM,1,8,2025-09-27,40,True,-0.17171501129890548,0.4529142463601935,AMBER
VIN11_F_SM,1,9,2025-09-20,40,True,-0.3137240612446221,0.31897320885563796,GREEN
VIN11_F_SM,1,10,2025-09-13,40,True,-0.1243754569598991,0.5002435057527038,AMBER
VIN11_F_SM,1,11,2025-09-06,40,True,-0.022361854421956262,0.6011228617706359,RED
VIN11_F_SM,1,12,2025-08-30,40,True,-0.24137628551652737,0.3850161025298029,AMBER
VIN11_F_SM,1,13,2025-08-23,40,True,-0.4562950354243974,0.20910310418929628,GREEN
VIN11_F_SM,1,14,2025-08-16,40,True,-0.4829511536998389,0.19197053512852663,GREEN
VIN11_F_SM,1,15,2025-08-09,40,True,-0.552837367234625,0.15218481241224568,GREEN
VIN11_F_SM,1,16,2025-08-02,40,True,-0.5540029821876545,0.15158257341367135,GREEN
VIN11_F_SM,1,17,2025-07-26,40,True,-0.555056409115186,0.151039983846468,GREEN
VIN11_F_SM,1,18,2025-07-19,40,True,-0.479853037558785,0.19390547326370455,GREEN
VIN11_F_SM,1,19,2025-07-12,40,True,-0.4582734649492911,0.20779378663935194,GREEN
VIN11_F_SM,1,20,2025-07-05,40,True,-0.10558421564600079,0.5190769422435964,AMBER
VIN11_F_SM,1,21,2025-06-28,40,True,-0.10989272911479883,0.5147616037385596,AMBER
VIN11_F_SM,1,22,2025-06-21,40,True,-0.09685348260514762,0.5278121121004371,AMBER
VIN11_F_SM,1,23,2025-06-14,40,True,0.2686198322555204,0.8288161280664468,RED
VIN11_F_SM,1,24,2025-06-07,40,True,-0.08258135417316576,0.5420524846688266,AMBER
VIN11_F_SM,1,25,2025-05-31,40,True,-0.44074107023721965,0.21960770828103912,GREEN
VIN11_F_SM,1,26,2025-05-24,39,True,-0.40856560535010183,0.24252245138080722,GREEN
VIN11_NF_SM,0,0,2025-05-27,40,True,-0.6209519734759289,0.12017525732575508,GREEN
VIN11_NF_SM,0,1,2025-05-20,40,True,-0.6151179260066233,0.12267149608603219,GREEN
VIN11_NF_SM,0,2,2025-05-13,40,True,-0.648437336434091,0.10899829463011737,GREEN
VIN11_NF_SM,0,3,2025-05-06,40,True,-0.5713701658452284,0.14283978607357942,GREEN
VIN11_NF_SM,0,4,2025-04-29,40,True,-0.6032381963901907,0.12789252214646385,GREEN
VIN11_NF_SM,0,5,2025-04-22,40,True,-0.5638181773016261,0.14658874522866533,GREEN
VIN11_NF_SM,0,6,2025-04-15,40,True,-0.44979401908942407,0.2134481191703368,GREEN
VIN11_NF_SM,0,7,2025-04-08,40,True,-0.4221404673692194,0.2326607268252388,GREEN
VIN11_NF_SM,0,8,2025-04-01,40,True,-0.4511393555835315,0.2125435823429813,GREEN
VIN11_NF_SM,0,9,2025-03-25,40,True,-0.498777627752204,0.18231579445931836,GREEN
VIN11_NF_SM,0,10,2025-03-18,40,True,-0.53244572198292,0.16304049714183344,GREEN
VIN11_NF_SM,0,11,2025-03-11,40,True,-0.4536805232962566,0.21084267282268288,GREEN
VIN11_NF_SM,0,12,2025-03-04,40,True,-0.6660454795188266,0.10232633253656781,GREEN
VIN11_NF_SM,0,13,2025-02-25,40,True,-0.6635721889452341,0.10324116557537998,GREEN
VIN11_NF_SM,0,14,2025-02-18,40,True,-0.472135016042416,0.19879007936458287,GREEN
VIN11_NF_SM,0,15,2025-02-11,40,True,-0.5729172903722217,0.14208169516798638,GREEN
VIN11_NF_SM,0,16,2025-02-04,40,True,-0.44882837905481066,0.21409909428376112,GREEN
VIN11_NF_SM,0,17,2025-01-28,40,True,-0.37553423975032163,0.267682552457516,GREEN
VIN11_NF_SM,0,18,2025-01-21,40,True,-0.25685854624392224,0.3704213690346028,AMBER
VIN11_NF_SM,0,19,2025-01-14,40,True,0.17145183461136515,0.7662978878001769,RED
VIN11_NF_SM,0,20,2025-01-07,40,True,0.017981232907848116,0.6392153504578705,RED
VIN11_NF_SM,0,21,2024-12-31,40,True,-0.20829417236532602,0.4168738003438481,AMBER
VIN11_NF_SM,0,22,2024-12-24,40,True,-0.18296552808659594,0.44175856181616324,AMBER
VIN11_NF_SM,0,23,2024-12-17,40,True,-0.2774284170186959,0.35139467773159844,AMBER
VIN11_NF_SM,0,24,2024-12-10,40,True,-0.4232320659301798,0.2318799760746912,GREEN
VIN11_NF_SM,0,25,2024-12-03,40,True,-0.49715106582397495,0.1832903973626198,GREEN
VIN11_NF_SM,0,26,2024-11-26,40,True,-0.3330463827295063,0.30237885278744664,GREEN
VIN12_F_SM,1,0,2025-12-07,40,True,0.6542901712038081,0.9578786391557325,RED
VIN12_F_SM,1,1,2025-11-30,40,True,0.7225041542797023,0.9676347459494874,RED
VIN12_F_SM,1,2,2025-11-23,40,True,0.5403944567047959,0.9350714563442214,RED
VIN12_F_SM,1,3,2025-11-16,40,True,0.2563741411214477,0.8217344757929108,RED
VIN12_F_SM,1,4,2025-11-09,40,True,-0.027180349772696955,0.5964798735154734,RED
VIN12_F_SM,1,5,2025-11-02,40,True,-0.11368106577434337,0.5109654252405312,AMBER
VIN12_F_SM,1,6,2025-10-26,40,True,-0.06066418134960211,0.5637799070431093,RED
VIN12_F_SM,1,7,2025-10-19,40,True,-0.1628054451270672,0.4617829618393681,AMBER
VIN12_F_SM,1,8,2025-10-12,40,True,-0.08086982809513824,0.543756059421617,AMBER
VIN12_F_SM,1,9,2025-10-05,40,True,-0.07370948527772547,0.5508715932995608,RED
VIN12_F_SM,1,10,2025-09-28,40,True,-0.2037758721695096,0.42128577255155597,AMBER
VIN12_F_SM,1,11,2025-09-21,39,True,-0.13176768938751782,0.49283152080476944,AMBER
VIN12_F_SM,1,12,2025-09-14,38,True,0.3526660013882508,0.871508784180504,RED
VIN12_F_SM,1,13,2025-09-07,37,True,0.2875148544888403,0.8393024554679462,RED
VIN12_F_SM,1,14,2025-08-31,36,True,0.29617268996738,0.8439311058689205,RED
VIN12_F_SM,1,15,2025-08-24,35,True,0.3074037260784434,0.8497728369583575,RED
VIN12_F_SM,1,16,2025-08-17,34,True,-0.03109350533112798,0.5926964494880654,RED
VIN12_F_SM,1,17,2025-08-10,33,True,-0.11892856512302788,0.5057050664141276,AMBER
VIN12_F_SM,1,18,2025-08-03,32,True,-0.18934074420670444,0.43546234439432363,AMBER
VIN12_F_SM,1,19,2025-07-27,31,True,-0.27420740084346235,0.3543448326760878,AMBER
VIN12_F_SM,1,20,2025-07-20,30,True,-0.3238387388781505,0.3102257655545582,GREEN
VIN12_F_SM,1,21,2025-07-13,29,True,-0.4237255568112529,0.23152761446113523,GREEN
VIN12_F_SM,1,22,2025-07-06,28,True,-0.42488734716031384,0.23069955266848452,GREEN
VIN12_F_SM,1,23,2025-06-29,27,True,-0.606581653582045,0.1264042226134862,GREEN
VIN12_F_SM,1,24,2025-06-22,26,True,-0.6152410734547471,0.12261834672311565,GREEN
VIN12_F_SM,1,25,2025-06-15,25,True,-0.4408136453466121,0.21955782437073462,GREEN
VIN12_F_SM,1,26,2025-06-08,24,True,-0.36929048408366416,0.2726202481223522,GREEN
VIN12_NF_SM,0,0,2026-02-18,40,True,-0.7020461079118208,0.0898035110474275,GREEN
VIN12_NF_SM,0,1,2026-02-11,40,True,-0.6623279251662241,0.10370413105058604,GREEN
VIN12_NF_SM,0,2,2026-02-04,40,True,-0.6271617705520133,0.1175665532751021,GREEN
VIN12_NF_SM,0,3,2026-01-28,40,True,-0.6128615979182972,0.12364881982345999,GREEN
VIN12_NF_SM,0,4,2026-01-21,40,True,-0.6317623132404873,0.11566566643521502,GREEN
VIN12_NF_SM,0,5,2026-01-14,40,True,-0.5242878610144562,0.16755489353643024,GREEN
VIN12_NF_SM,0,6,2026-01-07,40,True,-0.43810841470366824,0.22142274741428042,GREEN
VIN12_NF_SM,0,7,2025-12-31,40,True,-0.4073486623566552,0.2434202623926453,GREEN
VIN12_NF_SM,0,8,2025-12-24,40,True,-0.4301258038635661,0.2269916575311088,GREEN
VIN12_NF_SM,0,9,2025-12-17,40,True,-0.3816860903824715,0.26287339967839307,GREEN
VIN12_NF_SM,0,10,2025-12-10,40,True,-0.3582596211544781,0.2814815222842065,GREEN
VIN12_NF_SM,0,11,2025-12-03,40,True,-0.2639040576067547,0.3638555329914699,AMBER
VIN12_NF_SM,0,12,2025-11-26,40,True,-0.3931518628657307,0.25405979390564554,GREEN
VIN12_NF_SM,0,13,2025-11-19,40,True,-0.4055291045293713,0.2447668575780014,GREEN
VIN12_NF_SM,0,14,2025-11-12,40,True,-0.43769726634060474,0.2217071736562135,GREEN
VIN12_NF_SM,0,15,2025-11-05,40,True,-0.5356901553171259,0.16127250560224654,GREEN
VIN12_NF_SM,0,16,2025-10-29,40,True,-0.5386178228670864,0.15969045025853842,GREEN
VIN12_NF_SM,0,17,2025-10-22,40,True,-0.4690597373034108,0.20076197642759624,GREEN
VIN12_NF_SM,0,18,2025-10-15,40,True,-0.4729267054248859,0.19828480416948507,GREEN
VIN12_NF_SM,0,19,2025-10-08,40,True,-0.35247784423027817,0.2861954583751776,GREEN
VIN12_NF_SM,0,20,2025-10-01,40,True,-0.46920789093277504,0.20066664406592238,GREEN
VIN12_NF_SM,0,21,2025-09-24,40,True,-0.49119024074797957,0.18689652939000015,GREEN
VIN12_NF_SM,0,22,2025-09-17,40,True,-0.39545291800030813,0.25231466740712843,GREEN
VIN12_NF_SM,0,23,2025-09-10,40,True,-0.4498313945613661,0.21342295194001573,GREEN
VIN12_NF_SM,0,24,2025-09-03,40,True,-0.44728532734123827,0.215142320646153,GREEN
VIN12_NF_SM,0,25,2025-08-27,40,True,-0.5633754009713643,0.14681105760031343,GREEN
VIN12_NF_SM,0,26,2025-08-20,40,True,-0.3922467627566558,0.2547484013526824,GREEN
VIN13_F_SM,1,0,2025-11-06,40,True,0.05106697098877003,0.6692213702737146,RED
VIN13_F_SM,1,1,2025-10-30,40,True,-0.14000287965547745,0.48457818031562716,AMBER
VIN13_F_SM,1,2,2025-10-23,40,True,0.04299913227296459,0.6620192768505783,RED
VIN13_F_SM,1,3,2025-10-16,40,True,0.39490212818436,0.8893159244904378,RED
VIN13_F_SM,1,4,2025-10-09,40,True,0.3636943279297281,0.8763813076665149,RED
VIN13_F_SM,1,5,2025-10-02,40,True,-0.10220723464157208,0.5224573166163123,AMBER
VIN13_F_SM,1,6,2025-09-25,40,True,-0.8614381403104499,0.04948423818782677,GREEN
VIN13_F_SM,1,7,2025-09-18,40,True,-0.49506239505204425,0.1845478056872497,GREEN
VIN13_F_SM,1,8,2025-09-11,40,True,-0.3170267139125948,0.3161025442243863,GREEN
VIN13_F_SM,1,9,2025-09-04,40,True,-0.2599865440266909,0.36750025185846574,AMBER
VIN13_F_SM,1,10,2025-08-28,40,True,-0.3561432511145681,0.28320153178954255,GREEN
VIN13_F_SM,1,11,2025-08-21,40,True,-0.3596022914049246,0.280393612059116,GREEN
VIN13_F_SM,1,12,2025-08-14,40,True,-0.12383671476704394,0.5007837226777994,AMBER
VIN13_F_SM,1,13,2025-08-07,40,True,0.2781694695640128,0.8341823363413152,RED
VIN13_F_SM,1,14,2025-07-31,40,True,1.1131442346588352,0.9930677101579009,RED
VIN13_F_SM,1,15,2025-07-24,40,True,0.41063821580357435,0.8953777349026236,RED
VIN13_F_SM,1,16,2025-07-17,40,True,-0.022440327222875478,0.6010473902582434,RED
VIN13_F_SM,1,17,2025-07-10,40,True,1.0396811724311044,0.9907143099529142,RED
VIN13_F_SM,1,18,2025-07-03,40,True,0.959208993901542,0.9872221449388722,RED
VIN13_F_SM,1,19,2025-06-26,40,True,0.39958275417100203,0.8911504235450557,RED
VIN13_F_SM,1,20,2025-06-19,40,True,0.3076145156252021,0.8498807365080865,RED
VIN13_F_SM,1,21,2025-06-12,40,True,-0.052722345063479725,0.571597369162089,RED
VIN13_F_SM,1,22,2025-06-05,40,True,-0.5078338232330433,0.17696308949194114,GREEN
VIN13_F_SM,1,23,2025-05-29,40,True,-0.5456751343493436,0.15592850071955774,GREEN
VIN13_F_SM,1,24,2025-05-22,40,True,-0.36655920677204396,0.2747980160815355,GREEN
VIN13_F_SM,1,25,2025-05-15,40,True,1.6997782765980645,0.999336667653216,RED
VIN13_F_SM,1,26,2025-05-08,40,True,1.372176971872093,0.9975361840545471,RED
VIN13_NF_SM,0,0,2025-07-28,40,True,-0.5656916063956187,0.14565120456412428,GREEN
VIN13_NF_SM,0,1,2025-07-21,40,True,-0.48707292812761904,0.1894191392856825,GREEN
VIN13_NF_SM,0,2,2025-07-14,40,True,-0.3951343562770395,0.2525557911886389,GREEN
VIN13_NF_SM,0,3,2025-07-07,40,True,-0.48566859329159917,0.1902854981802782,GREEN
VIN13_NF_SM,0,4,2025-06-30,40,True,-0.46657657249633333,0.20236486570080772,GREEN
VIN13_NF_SM,0,5,2025-06-23,40,True,-0.4871117529275617,0.18939523057733923,GREEN
VIN13_NF_SM,0,6,2025-06-16,40,True,-0.5603815419887874,0.14832156761597845,GREEN
VIN13_NF_SM,0,7,2025-06-09,40,True,-0.45856479733297506,0.20760149564769284,GREEN
VIN13_NF_SM,0,8,2025-06-02,40,True,-0.49329200117574945,0.18561882442194877,GREEN
VIN13_NF_SM,0,9,2025-05-26,40,True,-0.530239822468282,0.16425144995434496,GREEN
VIN13_NF_SM,0,10,2025-05-19,40,True,-0.41523809495828257,0.2376398737591669,GREEN
VIN13_NF_SM,0,11,2025-05-12,40,True,-0.7630421852513218,0.07171166996103484,GREEN
VIN13_NF_SM,0,12,2025-05-05,40,True,-0.6644684888065399,0.10290880454475392,GREEN
VIN13_NF_SM,0,13,2025-04-28,40,True,-0.6912217121616495,0.09341606625608827,GREEN
VIN13_NF_SM,0,14,2025-04-21,40,True,-0.48871996503782744,0.18840690860905915,GREEN
VIN13_NF_SM,0,15,2025-04-14,40,True,-0.38227611396106653,0.26241508693532917,GREEN
VIN13_NF_SM,0,16,2025-04-07,40,True,-0.2699239036659199,0.3582853240241071,AMBER
VIN13_NF_SM,0,17,2025-03-31,40,True,-0.3211888395086282,0.3125047149429709,GREEN
VIN13_NF_SM,0,18,2025-03-24,40,True,-0.3265902331462358,0.30786915340231275,GREEN
VIN13_NF_SM,0,19,2025-03-17,40,True,-0.20248865109987915,0.4225450381780347,AMBER
VIN13_NF_SM,0,20,2025-03-10,40,True,-0.1867701658626823,0.43799868331908653,AMBER
VIN13_NF_SM,0,21,2025-03-03,40,True,-0.31625445834285715,0.3167725442555541,GREEN
VIN13_NF_SM,0,22,2025-02-24,40,True,-0.3185309709079257,0.31479966010891514,GREEN
VIN13_NF_SM,0,23,2025-02-17,40,True,-0.39896822407851573,0.24966402599003065,GREEN
VIN13_NF_SM,0,24,2025-02-10,40,True,-0.4214404411733689,0.23316237393945471,GREEN
VIN13_NF_SM,0,25,2025-02-03,40,True,-0.5680010346724003,0.14450232316404935,GREEN
VIN13_NF_SM,0,26,2025-01-27,40,True,-0.4192033639712449,0.23477053185874852,GREEN
VIN14_F_SM,1,0,2025-11-17,40,True,1.2416566995648222,0.9958482553982548,RED
VIN14_F_SM,1,1,2025-11-10,40,True,1.2260709045764808,0.9955816127693083,RED
VIN14_F_SM,1,2,2025-11-03,40,True,1.1250324287284463,0.9933883712518146,RED
VIN14_F_SM,1,3,2025-10-27,40,True,0.9497386539384612,0.9867340033853912,RED
VIN14_F_SM,1,4,2025-10-20,40,True,1.2609980268419763,0.9961569688814764,RED
VIN14_F_SM,1,5,2025-10-13,40,True,1.2690587188938087,0.9962787761239998,RED
VIN14_F_SM,1,6,2025-10-06,40,True,1.491526933397408,0.9984720272658718,RED
VIN14_F_SM,1,7,2025-09-29,40,True,1.4952603002321527,0.9984947030409076,RED
VIN14_F_SM,1,8,2025-09-22,40,True,1.5273068046619573,0.9986760301036814,RED
VIN14_F_SM,1,9,2025-09-15,40,True,1.5647852681634762,0.9988606076092212,RED
VIN14_F_SM,1,10,2025-09-08,40,True,2.0430742652530443,0.9998325260589063,RED
VIN14_F_SM,1,11,2025-09-01,40,True,1.8786499366115295,0.9996761858257437,RED
VIN14_F_SM,1,12,2025-08-25,40,True,1.2768521750405333,0.9963928862107814,RED
VIN14_F_SM,1,13,2025-08-18,40,True,1.1961635994958342,0.9950213009613681,RED
VIN14_F_SM,1,14,2025-08-11,40,True,0.7975824731207204,0.9758471819244205,RED
VIN14_F_SM,1,15,2025-08-04,40,True,0.46037307117202136,0.9126455429593517,RED
VIN14_F_SM,1,16,2025-07-28,40,True,-0.21028926516179708,0.41492984253413157,AMBER
VIN14_F_SM,1,17,2025-07-21,40,True,-0.8916240013049601,0.04409025789147686,GREEN
VIN14_F_SM,1,18,2025-07-14,40,True,-0.2794735963676653,0.34952733838558125,GREEN
VIN14_F_SM,1,19,2025-07-07,40,True,-0.03175759216226842,0.5920532731393888,RED
VIN14_F_SM,1,20,2025-06-30,40,True,-0.3142160939544513,0.3185446555995467,GREEN
VIN14_F_SM,1,21,2025-06-23,40,True,-0.38883052066884505,0.2573585534322181,GREEN
VIN14_F_SM,1,22,2025-06-16,40,True,-0.33773646692603637,0.29842541340418505,GREEN
VIN14_F_SM,1,23,2025-06-09,40,True,-0.1477265247190511,0.476845064764345,AMBER
VIN14_F_SM,1,24,2025-06-02,40,True,-0.006208164926180926,0.6165517532183361,RED
VIN14_F_SM,1,25,2025-05-26,40,True,0.35231942447347553,0.8713530382166764,RED
VIN14_F_SM,1,26,2025-05-19,40,True,0.057442331862947005,0.6748572396161897,RED
VIN14_NF_SM,0,0,2026-02-18,40,True,-1.2936603825519137,0.009112317619962524,GREEN
VIN14_NF_SM,0,1,2026-02-11,40,True,-1.1363826876160181,0.016987559446491933,GREEN
VIN14_NF_SM,0,2,2026-02-04,40,True,-1.111710388585826,0.01872154920752947,GREEN
VIN14_NF_SM,0,3,2026-01-28,40,True,-1.1407699365733956,0.016696190588982144,GREEN
VIN14_NF_SM,0,4,2026-01-21,40,True,-1.4196620674981888,0.005517151933140075,GREEN
VIN14_NF_SM,0,5,2026-01-14,40,True,-1.0779977069610047,0.02137427811287804,GREEN
VIN14_NF_SM,0,6,2026-01-07,40,True,-1.3079641681925824,0.008608615129527838,GREEN
VIN14_NF_SM,0,7,2025-12-31,40,True,-1.088509703016541,0.020509905609959724,GREEN
VIN14_NF_SM,0,8,2025-12-24,40,True,-1.1270937741238598,0.01762104703020273,GREEN
VIN14_NF_SM,0,9,2025-12-17,40,True,-1.0170605118841134,0.027131731725421746,GREEN
VIN14_NF_SM,0,10,2025-12-10,40,True,-0.9006973790788841,0.04258162898164537,GREEN
VIN14_NF_SM,0,11,2025-12-03,40,True,-0.47726795287910745,0.19553130332948368,GREEN
VIN14_NF_SM,0,12,2025-11-26,40,True,-0.4948832205868469,0.18465598137011585,GREEN
VIN14_NF_SM,0,13,2025-11-19,40,True,-0.4426941908162705,0.2182680865858036,GREEN
VIN14_NF_SM,0,14,2025-11-12,40,True,-0.09251918943398267,0.5321426246599127,AMBER
VIN14_NF_SM,0,15,2025-11-05,40,True,-0.08088934981121566,0.5437366340924021,AMBER
VIN14_NF_SM,0,16,2025-10-29,40,True,-0.04576184907166447,0.5784197324785595,RED
VIN14_NF_SM,0,17,2025-10-22,40,True,-0.22063751876298235,0.4048905184636538,AMBER
VIN14_NF_SM,0,18,2025-10-15,40,True,-0.9397866154128908,0.03662884595598323,GREEN
VIN14_NF_SM,0,19,2025-10-08,40,True,-1.3771000463968495,0.006537465707233917,GREEN
VIN14_NF_SM,0,20,2025-10-01,40,True,-1.7094672874617671,0.0017319800518130924,GREEN
VIN14_NF_SM,0,21,2025-09-24,40,True,-1.1303351550810348,0.017397397852281796,GREEN
VIN14_NF_SM,0,22,2025-09-17,40,True,-0.8022760894987919,0.06191638287746856,GREEN
VIN14_NF_SM,0,23,2025-09-10,40,True,-0.37347870827628654,0.2693018305315855,GREEN
VIN14_NF_SM,0,24,2025-09-03,40,True,-0.16243610711379744,0.4621511684260062,AMBER
VIN14_NF_SM,0,25,2025-08-27,40,True,0.646655823119923,0.956625699021549,RED
VIN14_NF_SM,0,26,2025-08-20,40,True,1.964858345367393,0.9997708248605547,RED
VIN15_NF_SM,0,0,2026-02-18,40,True,-0.6393657281045652,0.1125825971556077,GREEN
VIN15_NF_SM,0,1,2026-02-11,40,True,-0.5438220603242029,0.15690924380554405,GREEN
VIN15_NF_SM,0,2,2026-02-04,40,True,-0.5557730526037481,0.1506717749210466,GREEN
VIN15_NF_SM,0,3,2026-01-28,40,True,-0.6202288414900918,0.12048226900516226,GREEN
VIN15_NF_SM,0,4,2026-01-21,40,True,-0.692664998149257,0.0929269552093427,GREEN
VIN15_NF_SM,0,5,2026-01-14,40,True,-0.48193026099511893,0.1926065057854476,GREEN
VIN15_NF_SM,0,6,2026-01-07,40,True,-0.4033565275786999,0.24638129329509212,GREEN
VIN15_NF_SM,0,7,2025-12-31,40,True,-0.3992884749629585,0.2494234733785437,GREEN
VIN15_NF_SM,0,8,2025-12-24,40,True,-0.39963822427599704,0.24916094022571897,GREEN
VIN15_NF_SM,0,9,2025-12-17,40,True,-0.31549924298310017,0.3174284963499139,GREEN
VIN15_NF_SM,0,10,2025-12-10,40,True,-0.3518150869712551,0.2867388223908488,GREEN
VIN15_NF_SM,0,11,2025-12-03,40,True,-0.26643909137774924,0.36150529599025855,AMBER
VIN15_NF_SM,0,12,2025-11-26,40,True,-0.39485886222201805,0.252764439441192,GREEN
VIN15_NF_SM,0,13,2025-11-19,40,True,-0.3209818604932782,0.31268310386625603,GREEN
VIN15_NF_SM,0,14,2025-11-12,40,True,-0.24956989127600032,0.37726455506994966,AMBER
VIN15_NF_SM,0,15,2025-11-05,40,True,-0.2533144484322778,0.3737425518000578,AMBER
VIN15_NF_SM,0,16,2025-10-29,40,True,-0.34163645108739704,0.2951607071518096,GREEN
VIN15_NF_SM,0,17,2025-10-22,40,True,-0.38578551478233575,0.25969974597042167,GREEN
VIN15_NF_SM,0,18,2025-10-15,40,True,-0.2993466095523846,0.3316288450596286,GREEN
VIN15_NF_SM,0,19,2025-10-08,40,True,-0.35301752273781983,0.28575345687978,GREEN
VIN15_NF_SM,0,20,2025-10-01,40,True,-0.4876396660480245,0.18907036578988862,GREEN
VIN15_NF_SM,0,21,2025-09-24,40,True,-0.44385936933536724,0.21747171454072922,GREEN
VIN15_NF_SM,0,22,2025-09-17,40,True,-0.5082965225936038,0.17669294993678716,GREEN
VIN15_NF_SM,0,23,2025-09-10,40,True,-0.6319639877369542,0.11558295137311002,GREEN
VIN15_NF_SM,0,24,2025-09-03,40,True,-0.4478303033970209,0.2147734523215034,GREEN
VIN15_NF_SM,0,25,2025-08-27,40,True,-0.19100018133862,0.43382679412435987,AMBER
VIN15_NF_SM,0,26,2025-08-20,40,True,-0.13373613289952974,0.4908582143295345,AMBER
VIN16_NF_SM,0,0,2026-02-16,40,True,-1.04933354862695,0.023916246482652108,GREEN
VIN16_NF_SM,0,1,2026-02-09,40,True,-0.9948696377007896,0.029582651217525284,GREEN
VIN16_NF_SM,0,2,2026-02-02,40,True,-0.9754594107751808,0.031901382113305385,GREEN
VIN16_NF_SM,0,3,2026-01-26,40,True,-0.9352573489368852,0.03727532093208245,GREEN
VIN16_NF_SM,0,4,2026-01-19,40,True,-0.8853608504684761,0.04516123370494374,GREEN
VIN16_NF_SM,0,5,2026-01-12,40,True,-1.095784917732571,0.019931819696176366,GREEN
VIN16_NF_SM,0,6,2026-01-05,40,True,-0.9196647674327095,0.039585773714876454,GREEN
VIN16_NF_SM,0,7,2025-12-29,40,True,-0.8611716382974482,0.04953453999009432,GREEN
VIN16_NF_SM,0,8,2025-12-22,40,True,-0.9227877753833039,0.03911227875478535,GREEN
VIN16_NF_SM,0,9,2025-12-15,40,True,-0.9596461512895671,0.033919458269600904,GREEN
VIN16_NF_SM,0,10,2025-12-08,40,True,-0.6825806598269989,0.09639295990091343,GREEN
VIN16_NF_SM,0,11,2025-12-01,40,True,0.10394395191509392,0.7143799811444816,RED
VIN16_NF_SM,0,12,2025-11-24,40,True,0.06799370217434958,0.6840739556457879,RED
VIN16_NF_SM,0,13,2025-11-17,40,True,0.1682368644475665,0.7639806384477968,RED
VIN16_NF_SM,0,14,2025-11-10,40,True,-0.19343324770859996,0.4314313639461845,AMBER
VIN16_NF_SM,0,15,2025-11-03,40,True,-0.2839628706138362,0.3454446407886154,GREEN
VIN16_NF_SM,0,16,2025-10-27,40,True,-0.3895692108804773,0.25679268508856556,GREEN
VIN16_NF_SM,0,17,2025-10-20,40,True,-0.7712456584735962,0.06955192702536324,GREEN
VIN16_NF_SM,0,18,2025-10-13,40,True,-0.9397951566028243,0.03662763709586972,GREEN
VIN16_NF_SM,0,19,2025-10-06,40,True,-0.8701694208593662,0.04786276564073747,GREEN
VIN16_NF_SM,0,20,2025-09-29,40,True,0.2808322134963436,0.835654369092595,RED
VIN16_NF_SM,0,21,2025-09-22,40,True,1.4226017507894562,0.9979864262555356,RED
VIN16_NF_SM,0,22,2025-09-15,40,True,2.169969097824673,0.9998993222095629,RED
VIN16_NF_SM,0,23,2025-09-08,40,True,2.788968373706625,0.9999915915274578,RED
VIN16_NF_SM,0,24,2025-09-01,40,True,1.874397274580604,0.9996706169114189,RED
VIN16_NF_SM,0,25,2025-08-25,40,True,-0.46504733202657256,0.20335673642597402,GREEN
VIN16_NF_SM,0,26,2025-08-18,40,True,-0.27563895426757573,0.35303227702203727,AMBER
VIN17_NF_SM,0,0,2026-02-18,40,True,-0.5939443652515255,0.13210825369145454,GREEN
VIN17_NF_SM,0,1,2026-02-11,40,True,-0.6552220229446991,0.10638340983998783,GREEN
VIN17_NF_SM,0,2,2026-02-04,40,True,-0.6499598448411466,0.10840663963391287,GREEN
VIN17_NF_SM,0,3,2026-01-28,40,True,-0.6210093596962183,0.12015092248138688,GREEN
VIN17_NF_SM,0,4,2026-01-21,40,True,-0.6760152445642755,0.09871115516234419,GREEN
VIN17_NF_SM,0,5,2026-01-14,40,True,-0.8609146606468328,0.049583089982967295,GREEN
VIN17_NF_SM,0,6,2026-01-07,40,True,-0.9186909253852666,0.03973454363021163,GREEN
VIN17_NF_SM,0,7,2025-12-31,40,True,-0.8060090087765983,0.06105241813992281,GREEN
VIN17_NF_SM,0,8,2025-12-24,40,True,-0.579061138334701,0.1391042983882241,GREEN
VIN17_NF_SM,0,9,2025-12-17,40,True,-0.57005474975961,0.14348698856662634,GREEN
VIN17_NF_SM,0,10,2025-12-10,40,True,-0.5605817532702023,0.14822015463827398,GREEN
VIN17_NF_SM,0,11,2025-12-03,40,True,-0.44761654188259625,0.21491808251649616,GREEN
VIN17_NF_SM,0,12,2025-11-26,40,True,-0.7237941122468365,0.08292393540186012,GREEN
VIN17_NF_SM,0,13,2025-11-19,40,True,-0.5929269471492459,0.13257684534787406,GREEN
VIN17_NF_SM,0,14,2025-11-12,40,True,-0.6748345576080348,0.0991332771545054,GREEN
VIN17_NF_SM,0,15,2025-11-05,40,True,-0.6712441086119543,0.10042682747165085,GREEN
VIN17_NF_SM,0,16,2025-10-29,40,True,-0.7105922358185046,0.08704077345456242,GREEN
VIN17_NF_SM,0,17,2025-10-22,40,True,-0.7197611085625105,0.08416242402381939,GREEN
VIN17_NF_SM,0,18,2025-10-15,40,True,-0.8643324440504124,0.048941053257787026,GREEN
VIN17_NF_SM,0,19,2025-10-08,40,True,-0.7570658243800767,0.07332386630165803,GREEN
VIN17_NF_SM,0,20,2025-10-01,40,True,-0.5169150817685604,0.17172023265174796,GREEN
VIN17_NF_SM,0,21,2025-09-24,40,True,-0.5073944468322715,0.17721991231703108,GREEN
VIN17_NF_SM,0,22,2025-09-17,40,True,-0.4006051689808543,0.24843608160891845,GREEN
VIN17_NF_SM,0,23,2025-09-10,40,True,-0.5005985535386323,0.1812295154047437,GREEN
VIN17_NF_SM,0,24,2025-09-03,40,True,-0.5973229350470262,0.13056225285254716,GREEN
VIN17_NF_SM,0,25,2025-08-27,40,True,-0.9804186662740717,0.03129275116808181,GREEN
VIN17_NF_SM,0,26,2025-08-20,40,True,-0.7704078341891447,0.06976971314537733,GREEN
VIN18_NF_SM,0,0,2026-02-11,40,True,-0.5612202006300169,0.14789714452615546,GREEN
VIN18_NF_SM,0,1,2026-02-04,40,True,-0.5116661614815441,0.17473540407706042,GREEN
VIN18_NF_SM,0,2,2026-01-28,40,True,-0.43414352611213436,0.22417647972524268,GREEN
VIN18_NF_SM,0,3,2026-01-21,40,True,-0.32694640368491745,0.3075648261786539,GREEN
VIN18_NF_SM,0,4,2026-01-14,40,True,-0.20822507215979175,0.4169411761829626,AMBER
VIN18_NF_SM,0,5,2026-01-07,40,True,-0.4966234928042086,0.18360737500570384,GREEN
VIN18_NF_SM,0,6,2025-12-31,40,True,-0.4728533668426315,0.1983315699610845,GREEN
VIN18_NF_SM,0,7,2025-12-24,40,True,-0.46312471815733647,0.20460888156207965,GREEN
VIN18_NF_SM,0,8,2025-12-17,40,True,-0.4373800980798311,0.22192676433653408,GREEN
VIN18_NF_SM,0,9,2025-12-10,40,True,-0.5275956632898755,0.16571250051655093,GREEN
VIN18_NF_SM,0,10,2025-12-03,40,True,-0.497930474726209,0.18282288801964883,GREEN
VIN18_NF_SM,0,11,2025-11-26,40,True,-0.39802001069903015,0.25037717234284046,GREEN
VIN18_NF_SM,0,12,2025-11-19,40,True,-0.41526187945380777,0.23762259111257067,GREEN
VIN18_NF_SM,0,13,2025-11-12,40,True,-0.41375179987664445,0.23872158344237115,GREEN
VIN18_NF_SM,0,14,2025-11-05,40,True,0.06875774811007379,0.684735883088038,RED
VIN18_NF_SM,0,15,2025-10-29,40,True,1.034772006363873,0.9905314070550746,RED
VIN18_NF_SM,0,16,2025-10-22,40,True,0.9364434329349776,0.9860175318629252,RED
VIN18_NF_SM,0,17,2025-10-15,40,True,1.2803983340426488,0.9964436476059473,RED
VIN18_NF_SM,0,18,2025-10-08,40,True,-0.7874564053044056,0.06546011963370411,GREEN
VIN18_NF_SM,0,19,2025-10-01,40,True,-0.725801581483303,0.08231366333768236,GREEN
VIN18_NF_SM,0,20,2025-09-24,40,True,-0.7425614638926062,0.07737624787935234,GREEN
VIN18_NF_SM,0,21,2025-09-17,40,True,-0.47332015083198054,0.19803405766155677,GREEN
VIN18_NF_SM,0,22,2025-09-10,40,True,-0.5317810054451734,0.1634046420061175,GREEN
VIN18_NF_SM,0,23,2025-09-03,40,True,-0.556870893269747,0.1501091405849291,GREEN
VIN18_NF_SM,0,24,2025-08-27,40,True,-0.36145589351912366,0.27889593963300474,GREEN
VIN18_NF_SM,0,25,2025-08-20,40,True,-0.15771200227942528,0.46686430549631347,AMBER
VIN18_NF_SM,0,26,2025-08-13,40,True,-0.15962389463633408,0.46495609144947797,AMBER
VIN19_NF_SM,0,0,2026-02-18,40,True,-0.5627579321143441,0.1471215468467054,GREEN
VIN19_NF_SM,0,1,2026-02-11,40,True,-0.47046910092116834,0.19985646658500866,GREEN
VIN19_NF_SM,0,2,2026-02-04,40,True,-0.47137823032239173,0.1992739826458872,GREEN
VIN19_NF_SM,0,3,2026-01-28,40,True,-0.3969430501348842,0.2511887926244387,GREEN
VIN19_NF_SM,0,4,2026-01-21,40,True,-0.24216312582113386,0.38426910529707553,AMBER
VIN19_NF_SM,0,5,2026-01-14,40,True,-0.5241783675536696,0.16761615847431124,GREEN
VIN19_NF_SM,0,6,2026-01-07,40,True,-0.16977018250424541,0.45484780698627586,AMBER
VIN19_NF_SM,0,7,2025-12-31,40,True,-0.2591986786357667,0.36823510275888455,AMBER
VIN19_NF_SM,0,8,2025-12-24,40,True,-0.398802523318441,0.24978855088225424,GREEN
VIN19_NF_SM,0,9,2025-12-17,40,True,-0.4675206288803436,0.20175435214474016,GREEN
VIN19_NF_SM,0,10,2025-12-10,40,True,-0.12418045385068457,0.5004390427877238,AMBER
VIN19_NF_SM,0,11,2025-12-03,40,True,-0.24913975842969574,0.377669962542668,AMBER
VIN19_NF_SM,0,12,2025-11-26,40,True,-0.17116454831444683,0.4534613784301359,AMBER
VIN19_NF_SM,0,13,2025-11-19,40,True,-0.3386244076078467,0.2976802883496335,GREEN
VIN19_NF_SM,0,14,2025-11-12,40,True,-0.24324621342600922,0.38324175461127125,AMBER
VIN19_NF_SM,0,15,2025-11-05,40,True,-0.4150236686074769,0.23779572250435296,GREEN
VIN19_NF_SM,0,16,2025-10-29,40,True,-0.3239336301440735,0.31014432750020005,GREEN
VIN19_NF_SM,0,17,2025-10-22,40,True,-0.4045292783372831,0.24550893636680568,GREEN
VIN19_NF_SM,0,18,2025-10-15,40,True,-0.3072694041452709,0.3246232950666961,GREEN
VIN19_NF_SM,0,19,2025-10-08,40,True,-0.34406350662941665,0.2931395155823615,GREEN
VIN19_NF_SM,0,20,2025-10-01,40,True,-0.382396830994849,0.2623213809991086,GREEN
VIN19_NF_SM,0,21,2025-09-24,40,True,-0.2622707478161023,0.3653732365671423,AMBER
VIN19_NF_SM,0,22,2025-09-17,40,True,-0.32435653159571864,0.3097815260579844,GREEN
VIN19_NF_SM,0,23,2025-09-10,40,True,-0.2505201088887603,0.37636956807896776,AMBER
VIN19_NF_SM,0,24,2025-09-03,40,True,-0.29229030057588323,0.3379317484503311,GREEN
VIN19_NF_SM,0,25,2025-08-27,40,True,-0.05722707140880279,0.5671673173397335,RED
VIN19_NF_SM,0,26,2025-08-20,40,True,-0.1559934841444623,0.46858034675026483,AMBER
VIN1_F_SM,1,0,2025-09-15,40,True,-0.3817550567992099,0.26281980204827493,GREEN
VIN1_F_SM,1,1,2025-09-08,40,True,-0.3832173124955359,0.26168505830405686,GREEN
VIN1_F_SM,1,2,2025-09-01,40,True,-0.4403291769751448,0.21989097402289942,GREEN
VIN1_F_SM,1,3,2025-08-25,40,True,-0.38980666712464174,0.2566109564859552,GREEN
VIN1_F_SM,1,4,2025-08-18,40,True,-0.4034933368788911,0.24627941955197186,GREEN
VIN1_F_SM,1,5,2025-08-11,40,True,-0.4773944245114282,0.19545152238431807,GREEN
VIN1_F_SM,1,6,2025-08-04,40,True,-0.343802056301897,0.2933568553155616,GREEN
VIN1_F_SM,1,7,2025-07-28,40,True,-0.3905020503433033,0.25607925454647634,GREEN
VIN1_F_SM,1,8,2025-07-21,40,True,-0.5646231285010699,0.14618530370435262,GREEN
VIN1_F_SM,1,9,2025-07-14,40,True,-0.5974155736266524,0.13052007969815288,GREEN
VIN1_F_SM,1,10,2025-07-07,40,True,-0.4277203246802721,0.22868906245129977,GREEN
VIN1_F_SM,1,11,2025-06-30,40,True,-0.19382199393463195,0.43104892512617854,AMBER
VIN1_F_SM,1,12,2025-06-23,39,True,-0.18293135751255668,0.4417923613317362,AMBER
VIN1_F_SM,1,13,2025-06-16,38,True,-0.2928145538741213,0.33746145115617276,GREEN
VIN1_F_SM,1,14,2025-06-09,37,True,-0.3731084576696462,0.2695941579339209,GREEN
VIN1_F_SM,1,15,2025-06-02,36,True,-0.35444361383423595,0.2845874489120237,GREEN
VIN1_F_SM,1,16,2025-05-26,35,True,-0.319516923770197,0.31394727247418786,GREEN
VIN1_F_SM,1,17,2025-05-19,34,True,-0.4735425948823761,0.19789239764940925,GREEN
VIN1_F_SM,1,18,2025-05-12,33,True,-0.46228352510515536,0.2051585252254995,GREEN
VIN1_F_SM,1,19,2025-05-05,32,True,-0.5151734084243972,0.1727161154951258,GREEN
VIN1_F_SM,1,20,2025-04-28,31,True,-0.5137214098207006,0.17354985171480075,GREEN
VIN1_F_SM,1,21,2025-04-21,30,True,-0.4470743784567228,0.21528522529038124,GREEN
VIN1_F_SM,1,22,2025-04-14,29,True,-0.5247071872296482,0.16732043310572797,GREEN
VIN1_F_SM,1,23,2025-04-07,28,True,-0.5018833343143613,0.1804661120886923,GREEN
VIN1_F_SM,1,24,2025-03-31,27,True,-0.5196687881857106,0.1701549686041877,GREEN
VIN1_F_SM,1,25,2025-03-24,26,True,-0.37513899517046767,0.2679934325731212,GREEN
VIN1_F_SM,1,26,2025-03-17,25,True,-0.3723276045090311,0.27021132811002957,GREEN
VIN1_NF_SM,0,0,2026-02-18,40,True,-0.9738852246882175,0.03209695871629158,GREEN
VIN1_NF_SM,0,1,2026-02-11,40,True,-0.9986583988799745,0.0291495008755497,GREEN
VIN1_NF_SM,0,2,2026-02-04,40,True,-0.8542710059512244,0.050854016965931705,GREEN
VIN1_NF_SM,0,3,2026-01-28,40,True,-0.8904470902707224,0.04428963978265448,GREEN
VIN1_NF_SM,0,4,2026-01-21,40,True,-0.8989181255877603,0.0428735246903491,GREEN
VIN1_NF_SM,0,5,2026-01-14,40,True,-0.9000387034411592,0.042689466084135645,GREEN
VIN1_NF_SM,0,6,2026-01-07,40,True,-0.9732193841875675,0.03218003105052322,GREEN
VIN1_NF_SM,0,7,2025-12-31,40,True,-0.944024109084669,0.03603379205756773,GREEN
VIN1_NF_SM,0,8,2025-12-24,40,True,-0.9979775309586781,0.02922688512482751,GREEN
VIN1_NF_SM,0,9,2025-12-17,40,True,-0.8442842316913035,0.0528226134170499,GREEN
VIN1_NF_SM,0,10,2025-12-10,40,True,-0.7458111940454665,0.07645083542616238,GREEN
VIN1_NF_SM,0,11,2025-12-03,40,True,-0.4346744581113724,0.22380632406706497,GREEN
VIN1_NF_SM,0,12,2025-11-26,40,True,-0.19397885235250215,0.4308946349930395,AMBER
VIN1_NF_SM,0,13,2025-11-19,40,True,-0.29472289673380214,0.3357522336952465,GREEN
VIN1_NF_SM,0,14,2025-11-12,40,True,-0.4812609961013862,0.19302429784610525,GREEN
VIN1_NF_SM,0,15,2025-11-05,40,True,-0.5991311455869022,0.12974116652655449,GREEN
VIN1_NF_SM,0,16,2025-10-29,40,True,-0.6317140400585024,0.11568547289628021,GREEN
VIN1_NF_SM,0,17,2025-10-22,40,True,-0.4805404550412457,0.19347486966724384,GREEN
VIN1_NF_SM,0,18,2025-10-15,40,True,-0.31678593605952454,0.31631135855924586,GREEN
VIN1_NF_SM,0,19,2025-10-08,40,True,-0.1976110368465704,0.427325732602779,AMBER
VIN1_NF_SM,0,20,2025-10-01,40,True,-0.16634719414812346,0.45825423693314093,AMBER
VIN1_NF_SM,0,21,2025-09-24,40,True,-0.15991094838800193,0.46466967714037866,AMBER
VIN1_NF_SM,0,22,2025-09-17,40,True,-0.21194512581158745,0.4133184283223146,AMBER
VIN1_NF_SM,0,23,2025-09-10,40,True,-0.09192149863482552,0.5327394291954214,AMBER
VIN1_NF_SM,0,24,2025-09-03,40,True,-0.178409080896473,0.4462701711479143,AMBER
VIN1_NF_SM,0,25,2025-08-27,40,True,-0.38595265284485114,0.2595708817048557,GREEN
VIN1_NF_SM,0,26,2025-08-20,40,True,-0.3510964467498669,0.2873286988160115,GREEN
VIN20_NF_SM,0,0,2025-09-26,40,True,-0.030336789571471512,0.5934289509321523,RED
VIN20_NF_SM,0,1,2025-09-19,40,True,-0.17352578590859602,0.4511152384665383,AMBER
VIN20_NF_SM,0,2,2025-09-12,40,True,-0.17975389330431457,0.44493763722425694,AMBER
VIN20_NF_SM,0,3,2025-09-05,40,True,-0.2917989218775646,0.3383728457264716,GREEN
VIN20_NF_SM,0,4,2025-08-29,40,True,-0.3639394400695261,0.2768969936470953,GREEN
VIN20_NF_SM,0,5,2025-08-22,40,True,-0.26857349552864185,0.35953160552888125,AMBER
VIN20_NF_SM,0,6,2025-08-15,40,True,-0.32935520363644516,0.30551104516293204,GREEN
VIN20_NF_SM,0,7,2025-08-08,40,True,-0.28345106806351317,0.345908955705646,GREEN
VIN20_NF_SM,0,8,2025-08-01,40,True,-0.2960669377528504,0.33455101024358075,GREEN
VIN20_NF_SM,0,9,2025-07-25,40,True,-0.2077572898245562,0.41739736666911476,AMBER
VIN20_NF_SM,0,10,2025-07-18,40,True,-0.02228702821833914,0.6011948216799053,RED
VIN20_NF_SM,0,11,2025-07-11,40,True,-0.29644998653353266,0.3342090556657192,GREEN
VIN20_NF_SM,0,12,2025-07-04,40,True,-0.3702168861807279,0.2718840422793695,GREEN
VIN20_NF_SM,0,13,2025-06-27,40,True,-0.391353776862497,0.2554289949649821,GREEN
VIN20_NF_SM,0,14,2025-06-20,40,True,-0.5163202041840258,0.1720598688083098,GREEN
VIN20_NF_SM,0,15,2025-06-13,40,True,-0.5878916388253147,0.13491671857706292,GREEN
VIN20_NF_SM,0,16,2025-06-06,40,True,-0.5596609660715314,0.14868703509357656,GREEN
VIN20_NF_SM,0,17,2025-05-30,40,True,-0.5545972149958961,0.1512763048208905,GREEN
VIN20_NF_SM,0,18,2025-05-23,40,True,-0.6261207839912157,0.11800041561999158,GREEN
VIN20_NF_SM,0,19,2025-05-16,40,True,-0.574910545173787,0.1411099524286946,GREEN
VIN20_NF_SM,0,20,2025-05-09,40,True,-0.22366249912227115,0.40197041304940617,AMBER
VIN20_NF_SM,0,21,2025-05-02,40,True,-0.12716314531185163,0.4974482054427117,AMBER
VIN20_NF_SM,0,22,2025-04-25,40,True,-0.19548288365174424,0.42941591481288144,AMBER
VIN20_NF_SM,0,23,2025-04-18,40,True,-0.18267392008415462,0.44204702056071177,AMBER
VIN20_NF_SM,0,24,2025-04-11,40,True,-0.20053454164393858,0.42445862955634983,AMBER
VIN20_NF_SM,0,25,2025-04-04,40,True,-0.10858793894170088,0.5160687227429831,AMBER
VIN20_NF_SM,0,26,2025-03-28,40,True,0.06265718999845532,0.6794299628394127,RED
VIN2_F_SM,1,0,2025-12-13,25,True,0.46412589868223764,0.9138381466604619,RED
VIN2_F_SM,1,1,2025-12-06,24,True,0.04924032468710124,0.6675975190771986,RED
VIN2_F_SM,1,2,2025-11-29,23,True,-0.13229301529585596,0.49230487270747336,AMBER
VIN2_F_SM,1,3,2025-11-22,22,True,-0.06982724775944857,0.5547210375705445,RED
VIN2_F_SM,1,4,2025-11-15,21,True,-0.3136585171716193,0.319030319910958,GREEN
VIN2_F_SM,1,5,2025-11-08,20,True,-0.37793529995369446,0.26579891961095814,GREEN
VIN2_F_SM,1,6,2025-11-01,19,True,-0.19963771563962093,0.42533762243132134,AMBER
VIN2_F_SM,1,7,2025-10-25,18,True,-0.20543184590615224,0.4196672696211151,AMBER
VIN2_F_SM,1,8,2025-10-18,17,True,-0.15800248748428683,0.4665743152960363,AMBER
VIN2_F_SM,1,9,2025-10-11,16,True,-0.1850428475791082,0.43970482484443413,AMBER
VIN2_F_SM,1,10,2025-10-04,15,True,-0.3981167686431436,0.25030433907801186,GREEN
VIN2_F_SM,1,11,2025-09-27,14,True,-0.3628228580298578,0.2777946087743291,GREEN
VIN2_F_SM,1,12,2025-09-20,13,True,-0.38870252333736927,0.2574566876552473,GREEN
VIN2_F_SM,1,13,2025-09-13,12,True,-0.4090587243433354,0.2421592898150224,GREEN
VIN2_F_SM,1,14,2025-09-06,11,True,-0.44174875355039633,0.21891581387913678,GREEN
VIN2_F_SM,1,15,2025-08-30,10,True,-0.46002694384810844,0.2066384045377571,GREEN
VIN2_F_SM,1,16,2025-08-23,9,True,-0.4390795455044525,0.22075197094978152,GREEN
VIN2_F_SM,1,17,2025-08-16,8,True,-0.3900811415708004,0.25640100228880913,GREEN
VIN2_F_SM,1,18,2025-08-09,7,False,,,UNKNOWN
VIN2_F_SM,1,19,2025-08-02,6,False,,,UNKNOWN
VIN2_F_SM,1,20,2025-07-26,5,False,,,UNKNOWN
VIN2_F_SM,1,21,2025-07-19,4,False,,,UNKNOWN
VIN2_F_SM,1,22,2025-07-12,3,False,,,UNKNOWN
VIN2_F_SM,1,23,2025-07-05,2,False,,,UNKNOWN
VIN2_F_SM,1,24,2025-06-28,1,False,,,UNKNOWN
VIN2_F_SM,1,25,2025-06-21,0,False,,,UNKNOWN
VIN2_F_SM,1,26,2025-06-14,0,False,,,UNKNOWN
VIN2_NF_SM,0,0,2026-02-18,40,True,-0.1761112747137538,0.44854877537749516,AMBER
VIN2_NF_SM,0,1,2026-02-11,40,True,-0.3135239032322673,0.3191476312208778,GREEN
VIN2_NF_SM,0,2,2026-02-04,40,True,-0.36038130071328245,0.27976359079486113,GREEN
VIN2_NF_SM,0,3,2026-01-28,40,True,-0.48051431180145177,0.19349123268949248,GREEN
VIN2_NF_SM,0,4,2026-01-21,40,True,-0.12840445223387562,0.4962035499849562,AMBER
VIN2_NF_SM,0,5,2026-01-14,40,True,0.28795270038290677,0.8395391770662639,RED
VIN2_NF_SM,0,6,2026-01-07,40,True,0.7816969144758052,0.9742990088135641,RED
VIN2_NF_SM,0,7,2025-12-31,40,True,1.1821384274242466,0.9947347170735914,RED
VIN2_NF_SM,0,8,2025-12-24,40,True,0.876225127675293,0.982265278178616,RED
VIN2_NF_SM,0,9,2025-12-17,40,True,0.5181144036289447,0.9294303262362716,RED
VIN2_NF_SM,0,10,2025-12-10,40,True,0.41630158512403104,0.8974866126103389,RED
VIN2_NF_SM,0,11,2025-12-03,40,True,-0.04895683781633281,0.5752917010427819,RED
VIN2_NF_SM,0,12,2025-11-26,40,True,0.02800844901370353,0.6484376716179888,RED
VIN2_NF_SM,0,13,2025-11-19,40,True,-0.21729662356912502,0.4081234191573889,AMBER
VIN2_NF_SM,0,14,2025-11-12,40,True,-0.312353543737634,0.3201685227729617,GREEN
VIN2_NF_SM,0,15,2025-11-05,40,True,-0.2775365489588287,0.3512958339449993,AMBER
VIN2_NF_SM,0,16,2025-10-29,40,True,-0.21607278334906382,0.4093097071156499,AMBER
VIN2_NF_SM,0,17,2025-10-22,40,True,-0.34073583669845076,0.29591277360990725,GREEN
VIN2_NF_SM,0,18,2025-10-15,40,True,-0.40126780316943206,0.24794016164578722,GREEN
VIN2_NF_SM,0,19,2025-10-08,40,True,-0.3503229615435411,0.2879644018265297,GREEN
VIN2_NF_SM,0,20,2025-10-01,40,True,-0.5653983314671157,0.14579764227483233,GREEN
VIN2_NF_SM,0,21,2025-09-24,40,True,-0.8049695007189813,0.06129186805721518,GREEN
VIN2_NF_SM,0,22,2025-09-17,40,True,-0.7208123700653244,0.08383798456090903,GREEN
VIN2_NF_SM,0,23,2025-09-10,40,True,-1.2592415386156284,0.01044717331483401,GREEN
VIN2_NF_SM,0,24,2025-09-03,40,True,-0.6256460133624114,0.11819875061744856,GREEN
VIN2_NF_SM,0,25,2025-08-27,40,True,-0.13758347058990567,0.4870022507675632,AMBER
VIN2_NF_SM,0,26,2025-08-20,40,True,-0.3201100361270606,0.3134351114968839,GREEN
VIN3_F_SM,1,0,2025-12-16,37,True,-0.32096069441096775,0.31270134939738115,GREEN
VIN3_F_SM,1,1,2025-12-09,36,True,-0.3125460342836762,0.32000049669947955,GREEN
VIN3_F_SM,1,2,2025-12-02,35,True,0.3785177575381191,0.8826798051379935,RED
VIN3_F_SM,1,3,2025-11-25,34,True,0.24281201178624323,0.8136261063950135,RED
VIN3_F_SM,1,4,2025-11-18,33,True,0.6434787073968993,0.9560938555385462,RED
VIN3_F_SM,1,5,2025-11-11,32,True,0.3483448459795704,0.8695554016803951,RED
VIN3_F_SM,1,6,2025-11-04,31,True,0.22944640362897012,0.8053599327013862,RED
VIN3_F_SM,1,7,2025-10-28,30,True,0.1360011211034489,0.7398776078481121,RED
VIN3_F_SM,1,8,2025-10-21,29,True,0.2004793740848823,0.7864993182142138,RED
VIN3_F_SM,1,9,2025-10-14,28,True,0.04266499459574771,0.6617193399134187,RED
VIN3_F_SM,1,10,2025-10-07,27,True,-0.3230525272634225,0.31090096425248304,GREEN
VIN3_F_SM,1,11,2025-09-30,26,True,-1.027344867054719,0.026063891719936536,GREEN
VIN3_F_SM,1,12,2025-09-23,25,True,-0.6543514085821095,0.10671583627715073,GREEN
VIN3_F_SM,1,13,2025-09-16,24,True,-0.5501156558586253,0.15359868436481994,GREEN
VIN3_F_SM,1,14,2025-09-09,23,True,-0.48151918238387925,0.19286304209384417,GREEN
VIN3_F_SM,1,15,2025-09-02,22,True,0.031222278290681194,0.6513706229536376,RED
VIN3_F_SM,1,16,2025-08-26,21,True,0.5577530916425122,0.9391726783420133,RED
VIN3_F_SM,1,17,2025-08-19,20,True,0.6135210542454848,0.9507641043321339,RED
VIN3_F_SM,1,18,2025-08-12,19,True,0.6088858058714628,0.9498864618324585,RED
VIN3_F_SM,1,19,2025-08-05,18,True,0.8497993440788805,0.9803213166481076,RED
VIN3_F_SM,1,20,2025-07-29,17,True,1.1397052798532803,0.9937638946209701,RED
VIN3_F_SM,1,21,2025-07-22,16,True,1.9204597264615249,0.9997261658412162,RED
VIN3_F_SM,1,22,2025-07-15,15,True,1.5722651894013469,0.9988942462979746,RED
VIN3_F_SM,1,23,2025-07-08,14,True,0.41732823393655344,0.8978648524600962,RED
VIN3_F_SM,1,24,2025-07-01,13,True,-0.26669374202877705,0.36126957243893915,AMBER
VIN3_F_SM,1,25,2025-06-24,12,True,-0.04361536195803625,0.5805177231519583,RED
VIN3_F_SM,1,26,2025-06-17,11,True,-0.3821191767088644,0.2625369408534851,GREEN
VIN3_NF_SM,0,0,2026-02-18,40,True,-0.8931861894459974,0.04382692793428682,GREEN
VIN3_NF_SM,0,1,2026-02-11,40,True,-0.7005403681808696,0.09029839342326988,GREEN
VIN3_NF_SM,0,2,2026-02-04,40,True,-0.662473173681394,0.10364999250643864,GREEN
VIN3_NF_SM,0,3,2026-01-28,40,True,-0.6337310488617308,0.11486040343437812,GREEN
VIN3_NF_SM,0,4,2026-01-21,40,True,-0.5936139390300316,0.1322602837428978,GREEN
VIN3_NF_SM,0,5,2026-01-14,40,True,-0.6723976775601719,0.10000959842721474,GREEN
VIN3_NF_SM,0,6,2026-01-07,40,True,-0.4383078593527946,0.22128486869887928,GREEN
VIN3_NF_SM,0,7,2025-12-31,40,True,-0.42755249252506766,0.22880782432849733,GREEN
VIN3_NF_SM,0,8,2025-12-24,40,True,-0.3472596440878263,0.2904902523530181,GREEN
VIN3_NF_SM,0,9,2025-12-17,40,True,-0.43746489983727466,0.22186803682208883,GREEN
VIN3_NF_SM,0,10,2025-12-10,40,True,-0.1871456517467894,0.43762799337214425,AMBER
VIN3_NF_SM,0,11,2025-12-03,40,True,-0.2677244662912136,0.36031614082688246,AMBER
VIN3_NF_SM,0,12,2025-11-26,40,True,-0.07016314102899987,0.5543882341684849,RED
VIN3_NF_SM,0,13,2025-11-19,40,True,0.04802465749087609,0.666514601138646,RED
VIN3_NF_SM,0,14,2025-11-12,40,True,-0.13707060934140264,0.4875161825320816,AMBER
VIN3_NF_SM,0,15,2025-11-05,40,True,-0.3441046651771732,0.2931053096864715,GREEN
VIN3_NF_SM,0,16,2025-10-29,40,True,-0.3749861271930349,0.26811373242928704,GREEN
VIN3_NF_SM,0,17,2025-10-22,40,True,-0.40053585391653257,0.24848799582314066,GREEN
VIN3_NF_SM,0,18,2025-10-15,40,True,-0.3548030135918484,0.2842940470587109,GREEN
VIN3_NF_SM,0,19,2025-10-08,40,True,-0.34165937232597005,0.29514158105981736,GREEN
VIN3_NF_SM,0,20,2025-10-01,40,True,-0.41460408533900656,0.23810088619022005,GREEN
VIN3_NF_SM,0,21,2025-09-24,40,True,-0.27204551939746463,0.35633116740917253,AMBER
VIN3_NF_SM,0,22,2025-09-17,40,True,-0.0799638375171344,0.5446574293438167,AMBER
VIN3_NF_SM,0,23,2025-09-10,40,True,-0.010185412795803761,0.6127733730963337,RED
VIN3_NF_SM,0,24,2025-09-03,40,True,-0.018828951225214136,0.6045156182364411,RED
VIN3_NF_SM,0,25,2025-08-27,40,True,-0.4140788346970283,0.23848328126642884,GREEN
VIN3_NF_SM,0,26,2025-08-20,40,True,-0.20967511174455186,0.4155279758299813,AMBER
VIN4_F_SM,1,0,2025-08-02,22,True,-0.27645085973176065,0.3522888437516836,AMBER
VIN4_F_SM,1,1,2025-07-26,21,True,-0.31600035754162537,0.3169931656563576,GREEN
VIN4_F_SM,1,2,2025-07-19,20,True,-0.43192111354964907,0.22573062490655965,GREEN
VIN4_F_SM,1,3,2025-07-12,19,True,-0.3703621610073261,0.2717687063586903,GREEN
VIN4_F_SM,1,4,2025-07-05,18,True,-0.3713595298649178,0.27097770840307167,GREEN
VIN4_F_SM,1,5,2025-06-28,17,True,-0.4041287953203392,0.24580660335790971,GREEN
VIN4_F_SM,1,6,2025-06-21,16,True,-0.257652513654259,0.36967900515231034,AMBER
VIN4_F_SM,1,7,2025-06-14,15,True,-0.2884834120406399,0.3413564064893683,GREEN
VIN4_F_SM,1,8,2025-06-07,14,True,-0.27860755811760707,0.35031751029022656,AMBER
VIN4_F_SM,1,9,2025-05-31,13,True,-0.2875295507338825,0.34221711202717464,GREEN
VIN4_F_SM,1,10,2025-05-24,12,True,-0.27835351671778175,0.3505494533589833,AMBER
VIN4_F_SM,1,11,2025-05-17,11,True,-0.3127940339016604,0.3197840852867937,GREEN
VIN4_F_SM,1,12,2025-05-10,10,True,-0.35776807080136885,0.28188044662783446,GREEN
VIN4_F_SM,1,13,2025-05-03,9,True,-0.42075893826910693,0.2336514697008571,GREEN
VIN4_F_SM,1,14,2025-04-26,8,True,-0.4768545388815326,0.19579226548237838,GREEN
VIN4_F_SM,1,15,2025-04-19,7,False,,,UNKNOWN
VIN4_F_SM,1,16,2025-04-12,6,False,,,UNKNOWN
VIN4_F_SM,1,17,2025-04-05,5,False,,,UNKNOWN
VIN4_F_SM,1,18,2025-03-29,4,False,,,UNKNOWN
VIN4_F_SM,1,19,2025-03-22,3,False,,,UNKNOWN
VIN4_F_SM,1,20,2025-03-15,2,False,,,UNKNOWN
VIN4_F_SM,1,21,2025-03-08,1,False,,,UNKNOWN
VIN4_F_SM,1,22,2025-03-01,0,False,,,UNKNOWN
VIN4_F_SM,1,23,2025-02-22,0,False,,,UNKNOWN
VIN4_F_SM,1,24,2025-02-15,0,False,,,UNKNOWN
VIN4_F_SM,1,25,2025-02-08,0,False,,,UNKNOWN
VIN4_F_SM,1,26,2025-02-01,0,False,,,UNKNOWN
VIN4_NF_SM,0,0,2026-02-13,40,True,-0.6285523559026349,0.11698914290899472,GREEN
VIN4_NF_SM,0,1,2026-02-06,40,True,-0.5579378325726259,0.1495640016040355,GREEN
VIN4_NF_SM,0,2,2026-01-30,40,True,-0.5524454318759486,0.1523877544783671,GREEN
VIN4_NF_SM,0,3,2026-01-23,40,True,-0.722948283432624,0.08318229818668688,GREEN
VIN4_NF_SM,0,4,2026-01-16,40,True,-0.7720710455727222,0.06933798907436546,GREEN
VIN4_NF_SM,0,5,2026-01-09,40,True,-0.6891779376864221,0.09411262495368833,GREEN
VIN4_NF_SM,0,6,2026-01-02,40,True,-0.6917639659192975,0.09323203321454038,GREEN
VIN4_NF_SM,0,7,2025-12-26,40,True,-0.6745191992960329,0.09924629634355553,GREEN
VIN4_NF_SM,0,8,2025-12-19,40,True,-0.6917940600172088,0.09322182924814319,GREEN
VIN4_NF_SM,0,9,2025-12-12,40,True,-0.7111682327245683,0.08685736150583706,GREEN
VIN4_NF_SM,0,10,2025-12-05,40,True,-0.6953464667539333,0.09202433939028776,GREEN
VIN4_NF_SM,0,11,2025-11-28,40,True,-0.4839047098051845,0.19137795942832664,GREEN
VIN4_NF_SM,0,12,2025-11-21,40,True,-0.42917774723033375,0.22765958086821386,GREEN
VIN4_NF_SM,0,13,2025-11-14,40,True,-0.48090650650439926,0.1932458689636894,GREEN
VIN4_NF_SM,0,14,2025-11-07,40,True,-0.5858663271082036,0.13586765344285937,GREEN
VIN4_NF_SM,0,15,2025-10-31,40,True,-0.6254488354049736,0.11828120633643534,GREEN
VIN4_NF_SM,0,16,2025-10-24,40,True,-0.6673287736677369,0.10185449685171233,GREEN
VIN4_NF_SM,0,17,2025-10-17,40,True,-0.5349124281675128,0.16169489688165517,GREEN
VIN4_NF_SM,0,18,2025-10-10,40,True,-0.4710632374174166,0.19947565574960344,GREEN
VIN4_NF_SM,0,19,2025-10-03,40,True,-0.392026088920275,0.25491647792167965,GREEN
VIN4_NF_SM,0,20,2025-09-26,40,True,-0.06745430235563854,0.5570707398617499,RED
VIN4_NF_SM,0,21,2025-09-19,40,True,-0.16145020493819295,0.4631342515439164,AMBER
VIN4_NF_SM,0,22,2025-09-12,40,True,-0.18885777822267097,0.43593862392519345,AMBER
VIN4_NF_SM,0,23,2025-09-05,40,True,-0.19196012882104224,0.4328813199471707,AMBER
VIN4_NF_SM,0,24,2025-08-29,40,True,-0.33891317291340284,0.29743819891776374,GREEN
VIN4_NF_SM,0,25,2025-08-22,40,True,-0.6541645381930911,0.10678730807457892,GREEN
VIN4_NF_SM,0,26,2025-08-15,40,True,-0.5756925982710431,0.1407302090996041,GREEN
VIN5_F_SM,1,0,2025-10-27,32,True,1.132069943983377,0.9935712063059501,RED
VIN5_F_SM,1,1,2025-10-20,32,True,1.2926421371254968,0.9966135014047263,RED
VIN5_F_SM,1,2,2025-10-13,32,True,1.1680700738736598,0.9944307700284576,RED
VIN5_F_SM,1,3,2025-10-06,32,True,0.5450450290407989,0.9361947977739008,RED
VIN5_F_SM,1,4,2025-09-29,32,True,1.3297961028495338,0.9970809954591862,RED
VIN5_F_SM,1,5,2025-09-22,32,True,1.8490053777539748,0.9996353157557811,RED
VIN5_F_SM,1,6,2025-09-15,32,True,2.237021798378205,0.9999230617106822,RED
VIN5_F_SM,1,7,2025-09-08,32,True,1.7337047836757842,0.9994210113490328,RED
VIN5_F_SM,1,8,2025-09-01,32,True,1.8341945870886667,0.9996130037606449,RED
VIN5_F_SM,1,9,2025-08-25,32,True,2.433154121688732,0.9999649642899769,RED
VIN5_F_SM,1,10,2025-08-18,32,True,2.7898806103307523,0.9999916222370734,RED
VIN5_F_SM,1,11,2025-08-11,32,True,2.4597946581523518,0.9999685148057912,RED
VIN5_F_SM,1,12,2025-08-04,32,True,2.6420420646387712,0.9999848417072137,RED
VIN5_F_SM,1,13,2025-07-28,32,True,2.255451914728571,0.9999285436484633,RED
VIN5_F_SM,1,14,2025-07-21,32,True,1.962581378422958,0.9997687227471646,RED
VIN5_F_SM,1,15,2025-07-14,32,True,2.34570830700413,0.9999502458312087,RED
VIN5_F_SM,1,16,2025-07-07,32,True,2.6387248868771027,0.9999846386808614,RED
VIN5_F_SM,1,17,2025-06-30,32,True,2.0520961040692334,0.999838477002095,RED
VIN5_F_SM,1,18,2025-06-23,32,True,3.028785976351032,0.9999967865419247,RED
VIN5_F_SM,1,19,2025-06-16,32,True,2.5384684482058897,0.9999770350538629,RED
VIN5_F_SM,1,20,2025-06-09,32,True,1.8051334750416637,0.9995651809712217,RED
VIN5_F_SM,1,21,2025-06-02,32,True,1.23956457857743,0.9958134163300053,RED
VIN5_F_SM,1,22,2025-05-26,32,True,1.0780719577910023,0.9920289445615049,RED
VIN5_F_SM,1,23,2025-05-19,32,True,0.9507501433811776,0.9867870053136858,RED
VIN5_F_SM,1,24,2025-05-12,32,True,-0.021214020407198275,0.6022262446976605,RED
VIN5_F_SM,1,25,2025-05-05,32,True,0.8375559654057366,0.9793512742312672,RED
VIN5_F_SM,1,26,2025-04-28,32,True,-0.019448073495512697,0.6039217727137732,RED
VIN5_NF_SM,0,0,2026-02-17,40,True,0.3855845698408666,0.8855833801617797,RED
VIN5_NF_SM,0,1,2026-02-10,40,True,0.6755144425523334,0.961182595109031,RED
VIN5_NF_SM,0,2,2026-02-03,40,True,0.45914201051021003,0.9122510863334224,RED
VIN5_NF_SM,0,3,2026-01-27,40,True,0.5651551687071438,0.9408468033344954,RED
VIN5_NF_SM,0,4,2026-01-20,40,True,0.11891104136579728,0.7264698232124334,RED
VIN5_NF_SM,0,5,2026-01-13,40,True,-0.047927223089996335,0.5763004094891234,RED
VIN5_NF_SM,0,6,2026-01-06,40,True,-0.1499629605270862,0.474607793537258,AMBER
VIN5_NF_SM,0,7,2025-12-30,40,True,-0.17744106184471628,0.4472298312437769,AMBER
VIN5_NF_SM,0,8,2025-12-23,40,True,-0.12547754738164946,0.49913839810931615,AMBER
VIN5_NF_SM,0,9,2025-12-16,40,True,-0.12231862800469293,0.5023059510397633,AMBER
VIN5_NF_SM,0,10,2025-12-09,40,True,-0.46334491924513843,0.2044651808073517,GREEN
VIN5_NF_SM,0,11,2025-12-02,40,True,-0.8311593987621607,0.05551933356973568,GREEN
VIN5_NF_SM,0,12,2025-11-25,40,True,-0.7317611041640689,0.08052598101316673,GREEN
VIN5_NF_SM,0,13,2025-11-18,40,True,-0.6768208070722519,0.09842406781796413,GREEN
VIN5_NF_SM,0,14,2025-11-11,40,True,-0.6328026971465442,0.11523951331571676,GREEN
VIN5_NF_SM,0,15,2025-11-04,40,True,-0.6084357829475201,0.1255852811189979,GREEN
VIN5_NF_SM,0,16,2025-10-28,40,True,-0.48050984662831386,0.19349402754114153,GREEN
VIN5_NF_SM,0,17,2025-10-21,40,True,-0.397638259893962,0.2506646678925279,GREEN
VIN5_NF_SM,0,18,2025-10-14,40,True,-0.5174457699465639,0.171417693144535,GREEN
VIN5_NF_SM,0,19,2025-10-07,40,True,-0.5524232554139945,0.1523992439661736,GREEN
VIN5_NF_SM,0,20,2025-09-30,40,True,-0.5353594745887102,0.16145199255448203,GREEN
VIN5_NF_SM,0,21,2025-09-23,40,True,-0.4534845279016002,0.21097350494072403,GREEN
VIN5_NF_SM,0,22,2025-09-16,40,True,-0.46828799203020244,0.20125911948708017,GREEN
VIN5_NF_SM,0,23,2025-09-09,40,True,-0.6163979297710092,0.12212002420173197,GREEN
VIN5_NF_SM,0,24,2025-09-02,40,True,-0.40820394664671733,0.24278903317431005,GREEN
VIN5_NF_SM,0,25,2025-08-26,40,True,-0.1101226007489712,0.514531300388114,AMBER
VIN5_NF_SM,0,26,2025-08-19,40,True,-0.07977475785285826,0.5448455079809612,AMBER
VIN6_F_SM,1,0,2025-11-04,40,True,2.1304412578489225,0.9998820274137512,RED
VIN6_F_SM,1,1,2025-10-28,40,True,2.4610660626162493,0.9999686749522393,RED
VIN6_F_SM,1,2,2025-10-21,40,True,2.375584078774773,0.9999558642758812,RED
VIN6_F_SM,1,3,2025-10-14,40,True,2.109468265463109,0.9998716753176186,RED
VIN6_F_SM,1,4,2025-10-07,40,True,2.037925635183584,0.9998290322079993,RED
VIN6_F_SM,1,5,2025-09-30,40,True,1.55293178423322,0.998805194475071,RED
VIN6_F_SM,1,6,2025-09-23,40,True,1.0098198176896291,0.9895451475976544,RED
VIN6_F_SM,1,7,2025-09-16,40,True,0.8929341202102025,0.983395800044254,RED
VIN6_F_SM,1,8,2025-09-09,40,True,1.1175230744977271,0.993187579051215,RED
VIN6_F_SM,1,9,2025-09-02,40,True,1.0225721246568769,0.990061275005071,RED
VIN6_F_SM,1,10,2025-08-26,40,True,0.5089675094570204,0.9269857503923594,RED
VIN6_F_SM,1,11,2025-08-19,40,True,0.501898152969234,0.9250432149622752,RED
VIN6_F_SM,1,12,2025-08-12,40,True,0.7230541441591765,0.9677037611733169,RED
VIN6_F_SM,1,13,2025-08-05,40,True,0.8591166527882134,0.9810294686102039,RED
VIN6_F_SM,1,14,2025-07-29,40,True,1.0027270529098973,0.98924669320653,RED
VIN6_F_SM,1,15,2025-07-22,40,True,1.2170397844524194,0.9954193762090999,RED
VIN6_F_SM,1,16,2025-07-15,40,True,1.023069960951477,0.9900809041813534,RED
VIN6_F_SM,1,17,2025-07-08,40,True,0.7222511002658856,0.9676029437219292,RED
VIN6_F_SM,1,18,2025-07-01,40,True,0.5892152813521373,0.9459946449329913,RED
VIN6_F_SM,1,19,2025-06-24,39,True,0.5858589126142542,0.9453027316585608,RED
VIN6_F_SM,1,20,2025-06-17,38,True,0.21174788432808417,0.7939905154415862,RED
VIN6_F_SM,1,21,2025-06-10,37,True,-0.02128928457039786,0.6021539269104855,RED
VIN6_F_SM,1,22,2025-06-03,36,True,-0.16489158499602577,0.4597040069287069,AMBER
VIN6_F_SM,1,23,2025-05-27,35,True,-0.2939242255279789,0.33646704748962347,GREEN
VIN6_F_SM,1,24,2025-05-20,34,True,0.3377218476503854,0.8646458222787868,RED
VIN6_F_SM,1,25,2025-05-13,33,True,0.31171403557715455,0.8519665429376055,RED
VIN6_F_SM,1,26,2025-05-06,32,True,0.03675064984022569,0.6563890088850344,RED
VIN6_NF_SM,0,0,2026-02-18,40,True,-0.7501185627608475,0.07523988912570942,GREEN
VIN6_NF_SM,0,1,2026-02-11,40,True,-0.6443604909076237,0.1105965497224539,GREEN
VIN6_NF_SM,0,2,2026-02-04,40,True,-0.5065187657924793,0.1777326345143391,GREEN
VIN6_NF_SM,0,3,2026-01-28,40,True,-0.3961341894571832,0.2517995157103334,GREEN
VIN6_NF_SM,0,4,2026-01-21,40,True,-0.4839545803867381,0.1913470064242645,GREEN
VIN6_NF_SM,0,5,2026-01-14,40,True,-0.5731959508380206,0.1419455088856077,GREEN
VIN6_NF_SM,0,6,2026-01-07,40,True,-0.8099640306432273,0.06014935493101808,GREEN
VIN6_NF_SM,0,7,2025-12-31,40,True,-0.5916535396661344,0.13316532115532223,GREEN
VIN6_NF_SM,0,8,2025-12-24,40,True,-0.43259114719403113,0.22526126433213323,GREEN
VIN6_NF_SM,0,9,2025-12-17,40,True,0.3975595041843428,0.8903607395120672,RED
VIN6_NF_SM,0,10,2025-12-10,40,True,-0.036513036358303774,0.5874384715042399,RED
VIN6_NF_SM,0,11,2025-12-03,40,True,3.5829000701903406,0.999999651868736,RED
VIN6_NF_SM,0,12,2025-11-26,40,True,3.6526918363351504,0.9999997368700226,RED
VIN6_NF_SM,0,13,2025-11-19,40,True,3.6987041390256943,0.9999997812138143,RED
VIN6_NF_SM,0,14,2025-11-12,40,True,1.5541762040053626,0.9988111361897222,RED
VIN6_NF_SM,0,15,2025-11-05,40,True,-0.6295553746643298,0.11657418974137397,GREEN
VIN6_NF_SM,0,16,2025-10-29,40,True,-0.3349655212650935,0.3007575550480316,GREEN
VIN6_NF_SM,0,17,2025-10-22,40,True,0.02758999813717583,0.6480549607014517,RED
VIN6_NF_SM,0,18,2025-10-15,40,True,0.20944379562430981,0.7924747644098026,RED
VIN6_NF_SM,0,19,2025-10-08,40,True,0.06584156221217086,0.6822054491715202,RED
VIN6_NF_SM,0,20,2025-10-01,40,True,0.4971395809026124,0.923709012843408,RED
VIN6_NF_SM,0,21,2025-09-24,40,True,0.6362060428775469,0.9548529101369115,RED
VIN6_NF_SM,0,22,2025-09-17,40,True,0.7046834235577912,0.9653198196544123,RED
VIN6_NF_SM,0,23,2025-09-10,40,True,0.9565361818243794,0.9870862012142442,RED
VIN6_NF_SM,0,24,2025-09-03,40,True,0.4038343687921607,0.892793590269371,RED
VIN6_NF_SM,0,25,2025-08-27,40,True,0.025647707751166315,0.6462760770338302,RED
VIN6_NF_SM,0,26,2025-08-20,40,True,-0.023076654746771647,0.600435222845324,RED
VIN7_F_SM,1,0,2025-11-08,40,True,0.45408000480991934,0.9106121510273537,RED
VIN7_F_SM,1,1,2025-11-01,40,True,0.3709815256342651,0.8795131744557974,RED
VIN7_F_SM,1,2,2025-10-25,40,True,0.2566922946619899,0.821921330907408,RED
VIN7_F_SM,1,3,2025-10-18,40,True,0.17660541887675874,0.7699793292781635,RED
VIN7_F_SM,1,4,2025-10-11,40,True,0.6233246922086184,0.9525725446659902,RED
VIN7_F_SM,1,5,2025-10-04,40,True,0.5351647934934116,0.933786266209465,RED
VIN7_F_SM,1,6,2025-09-27,40,True,0.6420797870538277,0.9558577108354721,RED
VIN7_F_SM,1,7,2025-09-20,40,True,1.0941918132817923,0.992524282480796,RED
VIN7_F_SM,1,8,2025-09-13,40,True,0.9359053170209173,0.9859877434308053,RED
VIN7_F_SM,1,9,2025-09-06,40,True,0.3998202409963322,0.8912427876350343,RED
VIN7_F_SM,1,10,2025-08-30,40,True,0.3195697743381142,0.8558965356310524,RED
VIN7_F_SM,1,11,2025-08-23,40,True,-0.11756366079135018,0.5070734842176814,AMBER
VIN7_F_SM,1,12,2025-08-16,40,True,-0.14097198433397268,0.4836074056058834,AMBER
VIN7_F_SM,1,13,2025-08-09,40,True,0.39115388058007,0.8878273919428777,RED
VIN7_F_SM,1,14,2025-08-02,40,True,0.3188846617198564,0.855557277696033,RED
VIN7_F_SM,1,15,2025-07-26,40,True,0.18925237234458606,0.7788402806790724,RED
VIN7_F_SM,1,16,2025-07-19,40,True,-0.07515541715911064,0.5494362910779267,AMBER
VIN7_F_SM,1,17,2025-07-12,40,True,-0.19391691119281426,0.43095556037233146,AMBER
VIN7_F_SM,1,18,2025-07-05,40,True,0.18705316732408778,0.7773171592220796,RED
VIN7_F_SM,1,19,2025-06-28,40,True,-0.0917374888884333,0.5329231473092884,AMBER
VIN7_F_SM,1,20,2025-06-21,40,True,-0.2705368593493737,0.3577202618311361,AMBER
VIN7_F_SM,1,21,2025-06-14,40,True,-0.3016176997754419,0.3296128777122092,GREEN
VIN7_F_SM,1,22,2025-06-07,40,True,-0.31736520543451635,0.31580911323425154,GREEN
VIN7_F_SM,1,23,2025-05-31,40,True,-0.23222313933852384,0.3937447900739776,AMBER
VIN7_F_SM,1,24,2025-05-24,40,True,-0.26622515382850853,0.3617033840313217,AMBER
VIN7_F_SM,1,25,2025-05-17,40,True,-0.0334373090358569,0.5904250429723041,RED
VIN7_F_SM,1,26,2025-05-10,40,True,-0.10201048096356327,0.5226542076050977,AMBER
VIN7_NF_SM,0,0,2026-02-18,40,True,-0.5706265484674597,0.14320535643708215,GREEN
VIN7_NF_SM,0,1,2026-02-11,40,True,-0.4723458624562785,0.19865541760269786,GREEN
VIN7_NF_SM,0,2,2026-02-04,40,True,-0.5349149007978505,0.16169355255797518,GREEN
VIN7_NF_SM,0,3,2026-01-28,40,True,-0.4065288270030703,0.2440263730884904,GREEN
VIN7_NF_SM,0,4,2026-01-21,40,True,-0.5207218191463353,0.16955940904469402,GREEN
VIN7_NF_SM,0,5,2026-01-14,40,True,-0.31674719932789897,0.316344959869276,GREEN
VIN7_NF_SM,0,6,2026-01-07,40,True,-0.20037167538783082,0.42461822192935333,AMBER
VIN7_NF_SM,0,7,2025-12-31,40,True,-0.2473350188783165,0.37937281993630884,AMBER
VIN7_NF_SM,0,8,2025-12-24,40,True,-0.2129084974471886,0.4123817665815282,AMBER
VIN7_NF_SM,0,9,2025-12-17,40,True,-0.19854452061114694,0.4264097177659649,AMBER
VIN7_NF_SM,0,10,2025-12-10,40,True,-0.3744360943277182,0.26854686519816606,GREEN
VIN7_NF_SM,0,11,2025-12-03,40,True,-0.5760045794447002,0.14057895829464578,GREEN
VIN7_NF_SM,0,12,2025-11-26,40,True,-0.5578655607448703,0.14960087639398098,GREEN
VIN7_NF_SM,0,13,2025-11-19,40,True,-0.40073316164304307,0.2483402393015676,GREEN
VIN7_NF_SM,0,14,2025-11-12,40,True,-0.3924649194406543,0.2545823136878129,GREEN
VIN7_NF_SM,0,15,2025-11-05,40,True,-0.45078079482984657,0.21278438677081343,GREEN
VIN7_NF_SM,0,16,2025-10-29,40,True,-0.43819657764971676,0.22136179162706748,GREEN
VIN7_NF_SM,0,17,2025-10-22,40,True,-0.40412982654769525,0.24580583656528204,GREEN
VIN7_NF_SM,0,18,2025-10-15,40,True,-0.38149892106098066,0.26301889478219426,GREEN
VIN7_NF_SM,0,19,2025-10-08,40,True,-0.3272687128165508,0.30728957575348076,GREEN
VIN7_NF_SM,0,20,2025-10-01,40,True,-0.3116922198698685,0.32074615144817487,GREEN
VIN7_NF_SM,0,21,2025-09-24,40,True,-0.3653459065799721,0.2757688923750787,GREEN
VIN7_NF_SM,0,22,2025-09-17,40,True,-0.34785016914625855,0.2900023192453183,GREEN
VIN7_NF_SM,0,23,2025-09-10,40,True,-0.392538070095774,0.2545266383889877,GREEN
VIN7_NF_SM,0,24,2025-09-03,40,True,-0.3560972846655847,0.28323895996601206,GREEN
VIN7_NF_SM,0,25,2025-08-27,40,True,-0.41021859801492816,0.24130655100967122,GREEN
VIN7_NF_SM,0,26,2025-08-20,40,True,-0.3888470977961591,0.2573458457090546,GREEN
VIN8_F_SM,1,0,2025-10-26,40,True,0.0827284859333659,0.6967054809630034,RED
VIN8_F_SM,1,1,2025-10-19,40,True,-0.08111913738686446,0.5435079710894226,AMBER
VIN8_F_SM,1,2,2025-10-12,40,True,-0.32825287290902977,0.3064499569028182,GREEN
VIN8_F_SM,1,3,2025-10-05,40,True,-0.22977072420841158,0.39609530291703665,AMBER
VIN8_F_SM,1,4,2025-09-28,40,True,-0.28342807318289165,0.345929823907507,GREEN
VIN8_F_SM,1,5,2025-09-21,40,True,-0.1342267688951153,0.49036640818859056,AMBER
VIN8_F_SM,1,6,2025-09-14,40,True,-0.05012073267587605,0.5741506838674854,RED
VIN8_F_SM,1,7,2025-09-07,40,True,-0.09123842707023273,0.533421373090974,AMBER
VIN8_F_SM,1,8,2025-08-31,40,True,-0.04308476397316219,0.5810358878330234,RED
VIN8_F_SM,1,9,2025-08-24,40,True,-0.05445345982662833,0.5698962681285832,RED
VIN8_F_SM,1,10,2025-08-17,40,True,0.007619475590400021,0.6295763156452645,RED
VIN8_F_SM,1,11,2025-08-10,40,True,-0.21382355136676917,0.411492669945453,AMBER
VIN8_F_SM,1,12,2025-08-03,40,True,-0.27830791854040904,0.350591092563392,AMBER
VIN8_F_SM,1,13,2025-07-27,40,True,-0.4190619189263691,0.23487246984239657,GREEN
VIN8_F_SM,1,14,2025-07-20,40,True,-0.38205656867517324,0.2625855630237795,GREEN
VIN8_F_SM,1,15,2025-07-13,40,True,-0.37414297369302124,0.2687778688359718,GREEN
VIN8_F_SM,1,16,2025-07-06,40,True,-0.37020430237754226,0.27189403419765773,GREEN
VIN8_F_SM,1,17,2025-06-29,40,True,-0.3330575389755678,0.30236941363533565,GREEN
VIN8_F_SM,1,18,2025-06-22,40,True,-0.8080942606559156,0.06057471686167081,GREEN
VIN8_F_SM,1,19,2025-06-15,40,True,-0.734814639576935,0.07962379676676774,GREEN
VIN8_F_SM,1,20,2025-06-08,40,True,-0.48606554716812567,0.19004030344059408,GREEN
VIN8_F_SM,1,21,2025-06-01,40,True,-0.4283019439713476,0.22827783093723322,GREEN
VIN8_F_SM,1,22,2025-05-25,40,True,-0.48212949295052293,0.19248226728705106,GREEN
VIN8_F_SM,1,23,2025-05-18,40,True,-0.5118017209801289,0.1746570114976166,GREEN
VIN8_F_SM,1,24,2025-05-11,40,True,-0.5086393410362794,0.17649300987208322,GREEN
VIN8_F_SM,1,25,2025-05-04,40,True,-0.5429161591700307,0.15739051805188012,GREEN
VIN8_F_SM,1,26,2025-04-27,40,True,-0.4628912776905867,0.20476130408732868,GREEN
VIN8_NF_SM,0,0,2026-02-18,40,True,-0.8753872075840606,0.046917996991674725,GREEN
VIN8_NF_SM,0,1,2026-02-11,40,True,-0.7294006254913633,0.08122977933481605,GREEN
VIN8_NF_SM,0,2,2026-02-04,40,True,-0.7530416398887507,0.07442817553407646,GREEN
VIN8_NF_SM,0,3,2026-01-28,40,True,-0.7775958751372599,0.06792158487685286,GREEN
VIN8_NF_SM,0,4,2026-01-21,40,True,-0.667426222681214,0.10181874615927801,GREEN
VIN8_NF_SM,0,5,2026-01-14,40,True,-0.6160939274401821,0.12225080582585829,GREEN
VIN8_NF_SM,0,6,2026-01-07,40,True,-0.428124874238695,0.22840297220052358,GREEN
VIN8_NF_SM,0,7,2025-12-31,40,True,-0.45609471494846776,0.20923601333875239,GREEN
VIN8_NF_SM,0,8,2025-12-24,40,True,-0.4776247667069292,0.19530628104180328,GREEN
VIN8_NF_SM,0,9,2025-12-17,40,True,-0.5488155380212654,0.1542778543065209,GREEN
VIN8_NF_SM,0,10,2025-12-10,40,True,-0.2884171422629068,0.34141617054260015,GREEN
VIN8_NF_SM,0,11,2025-12-03,40,True,-0.13556994533421288,0.4890201265513611,AMBER
VIN8_NF_SM,0,12,2025-11-26,40,True,-0.4033516688590425,0.2463849118159267,GREEN
VIN8_NF_SM,0,13,2025-11-19,40,True,-0.36717855159734336,0.27430323890008124,GREEN
VIN8_NF_SM,0,14,2025-11-12,40,True,-0.5406381569586173,0.15860604714572554,GREEN
VIN8_NF_SM,0,15,2025-11-05,40,True,-0.7947174549788855,0.06370086086339695,GREEN
VIN8_NF_SM,0,16,2025-10-29,40,True,-0.8317222653329222,0.055401068990001794,GREEN
VIN8_NF_SM,0,17,2025-10-22,40,True,-0.2667373391356243,0.3612292224135269,AMBER
VIN8_NF_SM,0,18,2025-10-15,40,True,-0.2592147598744277,0.36822009747650875,AMBER
VIN8_NF_SM,0,19,2025-10-08,40,True,-0.31587807371353815,0.3170993671533121,GREEN
VIN8_NF_SM,0,20,2025-10-01,40,True,-0.5061020508790184,0.17797703432061202,GREEN
VIN8_NF_SM,0,21,2025-09-24,40,True,-0.669307969560333,0.10113057679424065,GREEN
VIN8_NF_SM,0,22,2025-09-17,40,True,-0.5470710173998754,0.15519303148306252,GREEN
VIN8_NF_SM,0,23,2025-09-10,40,True,-0.7325647328926512,0.08028764402803526,GREEN
VIN8_NF_SM,0,24,2025-09-03,40,True,-0.7284393562797541,0.08151799405002452,GREEN
VIN8_NF_SM,0,25,2025-08-27,40,True,-0.8634129190075108,0.049113008171610406,GREEN
VIN8_NF_SM,0,26,2025-08-20,40,True,-0.733888844574831,0.07989634837219257,GREEN
VIN9_F_SM,1,0,2025-06-29,40,True,-0.38455364416522086,0.2606508045677055,GREEN
VIN9_F_SM,1,1,2025-06-22,40,True,-0.33865172919583886,0.2976573781468698,GREEN
VIN9_F_SM,1,2,2025-06-15,40,True,-0.34269659411136666,0.29427685009918225,GREEN
VIN9_F_SM,1,3,2025-06-08,40,True,-0.34037626106730634,0.296213350712189,GREEN
VIN9_F_SM,1,4,2025-06-01,40,True,-0.40158375324663403,0.24770393620346604,GREEN
VIN9_F_SM,1,5,2025-05-25,40,True,-0.3744342904317549,0.2685482864351339,GREEN
VIN9_F_SM,1,6,2025-05-18,40,True,-0.40416166699325634,0.24578216166904712,GREEN
VIN9_F_SM,1,7,2025-05-11,40,True,-0.41031897340672285,0.24123285140584685,GREEN
VIN9_F_SM,1,8,2025-05-04,40,True,-0.4162403853017782,0.23691232464328177,GREEN
VIN9_F_SM,1,9,2025-04-27,40,True,-0.44869298971300947,0.21419048081777717,GREEN
VIN9_F_SM,1,10,2025-04-20,40,True,-0.4017242512003738,0.2475989390242853,GREEN
VIN9_F_SM,1,11,2025-04-13,40,True,-0.2836498422230779,0.34572858988183924,GREEN
VIN9_F_SM,1,12,2025-04-06,40,True,-0.36271961117005075,0.2778776988278524,GREEN
VIN9_F_SM,1,13,2025-03-30,40,True,-0.45764701706089495,0.20820771214996,GREEN
VIN9_F_SM,1,14,2025-03-23,40,True,-0.5245148243769389,0.16742795756165044,GREEN
VIN9_F_SM,1,15,2025-03-16,40,True,-0.5846692595354573,0.13643235867911413,GREEN
VIN9_F_SM,1,16,2025-03-09,40,True,-0.6145767052157015,0.12290531722491628,GREEN
VIN9_F_SM,1,17,2025-03-02,40,True,-0.6356951530661328,0.1140619007471974,GREEN
VIN9_F_SM,1,18,2025-02-23,40,True,-0.6711639062559716,0.10045589290996206,GREEN
VIN9_F_SM,1,19,2025-02-16,40,True,-0.5930198545223574,0.1325339967024498,GREEN
VIN9_F_SM,1,20,2025-02-09,40,True,-0.3822945139010887,0.2624008026898178,GREEN
VIN9_F_SM,1,21,2025-02-02,40,True,-0.3767263563161623,0.26674627865623646,GREEN
VIN9_F_SM,1,22,2025-01-26,40,True,-0.4395458214579189,0.22043042419483397,GREEN
VIN9_F_SM,1,23,2025-01-19,40,True,-0.45949715765422516,0.20698698351348077,GREEN
VIN9_F_SM,1,24,2025-01-12,40,True,-0.3557747731416765,0.28350164905822084,GREEN
VIN9_F_SM,1,25,2025-01-05,40,True,-0.09065399224640533,0.5340047440506476,AMBER
VIN9_F_SM,1,26,2024-12-29,40,True,-0.09848659234742924,0.5261793052025779,AMBER
VIN9_NF_SM,0,0,2026-02-10,40,True,-0.9747296554671823,0.0319919030811359,GREEN
VIN9_NF_SM,0,1,2026-02-03,40,True,-0.702420283251702,0.08968091288458307,GREEN
VIN9_NF_SM,0,2,2026-01-27,40,True,-0.6127669737788748,0.12368995182238532,GREEN
VIN9_NF_SM,0,3,2026-01-20,40,True,-0.6841438282107747,0.09584823234475176,GREEN
VIN9_NF_SM,0,4,2026-01-13,40,True,-0.7052785612099148,0.08874936985204876,GREEN
VIN9_NF_SM,0,5,2026-01-06,40,True,-0.5594835684613109,0.14877712297191395,GREEN
VIN9_NF_SM,0,6,2025-12-30,40,True,-0.4981649863913198,0.18268240322612517,GREEN
VIN9_NF_SM,0,7,2025-12-23,40,True,-0.5075455222125256,0.17713157326675463,GREEN
VIN9_NF_SM,0,8,2025-12-16,40,True,-0.4868239321673302,0.18957252852310766,GREEN
VIN9_NF_SM,0,9,2025-12-09,40,True,-0.4495676938057337,0.21360056425456989,GREEN
VIN9_NF_SM,0,10,2025-12-02,40,True,-0.31829820589893465,0.31500107532391214,GREEN
VIN9_NF_SM,0,11,2025-11-25,40,True,-0.2048470320045178,0.4202386550816518,AMBER
VIN9_NF_SM,0,12,2025-11-18,40,True,-0.2675407506783697,0.36048599943024917,AMBER
VIN9_NF_SM,0,13,2025-11-11,40,True,-0.5304080110007472,0.1641588671049116,GREEN
VIN9_NF_SM,0,14,2025-11-04,40,True,-0.4062090946056059,0.24426303058833188,GREEN
VIN9_NF_SM,0,15,2025-10-28,40,True,-0.5222287792032492,0.16871000950138418,GREEN
VIN9_NF_SM,0,16,2025-10-21,40,True,-0.4964927839824651,0.1836859734259607,GREEN
VIN9_NF_SM,0,17,2025-10-14,40,True,-0.42810164902642,0.22841938983815588,GREEN
VIN9_NF_SM,0,18,2025-10-07,40,True,-0.3924009051359078,0.25463104184736507,GREEN
VIN9_NF_SM,0,19,2025-09-30,40,True,-0.37752793657141837,0.2661179000354052,GREEN
VIN9_NF_SM,0,20,2025-09-23,40,True,-0.36027849087233677,0.27984668831795556,GREEN
VIN9_NF_SM,0,21,2025-09-16,40,True,-0.2745556252180139,0.35402535157164644,AMBER
VIN9_NF_SM,0,22,2025-09-09,40,True,-0.3049372237421559,0.3266775080570798,GREEN
VIN9_NF_SM,0,23,2025-09-02,40,True,-0.24805540243471808,0.378692744893067,AMBER
VIN9_NF_SM,0,24,2025-08-26,40,True,-0.04675319405263728,0.5774498240244449,RED
VIN9_NF_SM,0,25,2025-08-19,40,True,-0.18179635139887146,0.44291534700353397,AMBER
VIN9_NF_SM,0,26,2025-08-12,40,True,-0.19191645502114096,0.4329243247114546,AMBER
